NO,TIME,SUHU,SET POINT,EROR,DELTA EROR,OUTPUT ANFIS,OUTPUT M
1,00:18:17,31.12,90.00,58.88,-0.06,3.00,M3
2,00:18:19,31.19,90.00,58.81,-0.06,3.00,M3
3,00:18:21,31.25,90.00,58.75,-0.06,3.00,M3
4,00:18:23,31.31,90.00,58.69,-0.06,3.00,M3
5,00:18:25,31.31,90.00,58.69,0.00,3.00,M3
6,00:18:27,31.31,90.00,58.69,0.00,2.61,M3
7,00:18:29,31.38,90.00,58.62,-0.06,2.59,M3
8,00:18:31,31.38,90.00,58.62,0.00,2.61,M3
9,00:18:33,31.44,90.00,58.56,-0.06,2.59,M3
10,00:18:36,31.50,90.00,58.50,-0.06,2.59,M3
11,00:18:38,31.50,90.00,58.50,0.00,2.61,M3
12,00:18:40,31.56,90.00,58.44,-0.06,2.59,M3
13,00:18:42,31.56,90.00,58.44,0.00,2.61,M3
14,00:18:44,31.62,90.00,58.38,-0.06,2.59,M3
15,00:18:46,31.69,90.00,58.31,-0.06,2.59,M3
16,00:18:48,31.75,90.00,58.25,-0.06,2.59,M3
17,00:18:50,31.75,90.00,58.25,0.00,2.61,M3
18,00:18:52,31.81,90.00,58.19,-0.06,2.59,M3
19,00:18:54,31.88,90.00,58.12,-0.06,2.59,M3
20,00:18:56,32.00,90.00,58.00,-0.12,2.57,M3
21,00:18:58,32.06,90.00,57.94,-0.06,2.59,M3
22,00:19:00,32.19,90.00,57.81,-0.12,2.57,M3
23,00:19:02,32.25,90.00,57.75,-0.06,2.59,M3
24,00:19:04,32.44,90.00,57.56,-0.12,2.57,M3
25,00:19:06,32.50,90.00,57.50,-0.06,2.59,M3
26,00:19:08,32.62,90.00,57.38,-0.12,2.57,M3
27,00:19:10,32.75,90.00,57.25,-0.12,2.57,M3
28,00:19:12,32.81,90.00,57.19,-0.06,2.59,M3
29,00:19:14,32.94,90.00,57.06,-0.12,2.57,M3
30,00:19:16,33.06,90.00,56.94,-0.12,2.57,M3
31,00:19:18,33.12,90.00,56.88,-0.06,2.59,M3
32,00:19:20,33.25,90.00,56.75,-0.12,2.57,M3
33,00:19:22,33.38,90.00,56.62,-0.12,2.57,M3
34,00:19:24,33.50,90.00,56.50,-0.12,2.57,M3
35,00:19:26,33.62,90.00,56.38,-0.12,2.57,M3
36,00:19:28,33.75,90.00,56.25,-0.12,2.57,M3
37,00:19:30,33.88,90.00,56.12,-0.12,2.57,M3
38,00:19:32,34.00,90.00,56.00,-0.12,2.57,M3
39,00:19:34,34.12,90.00,55.88,-0.12,2.57,M3
40,00:19:36,34.25,90.00,55.75,-0.12,2.57,M3
41,00:19:38,34.31,90.00,55.69,-0.06,2.59,M3
42,00:19:40,34.50,90.00,55.50,-0.19,2.56,M3
43,00:19:42,34.56,90.00,55.44,-0.06,2.59,M3
44,00:19:44,34.75,90.00,55.25,-0.19,2.56,M3
45,00:19:46,34.81,90.00,55.19,-0.06,2.59,M3
46,00:19:48,35.00,90.00,55.00,-0.19,2.56,M3
47,00:19:50,35.12,90.00,54.88,-0.12,2.57,M3
48,00:19:52,35.19,90.00,54.81,-0.06,2.59,M3
49,00:19:54,35.38,90.00,54.62,-0.19,2.56,M3
50,00:19:56,35.50,90.00,54.50,-0.12,2.57,M3
51,00:19:58,35.62,90.00,54.38,-0.12,2.57,M3
52,00:20:00,35.75,90.00,54.25,-0.12,2.57,M3
53,00:20:02,35.88,90.00,54.12,-0.12,2.57,M3
54,00:20:04,36.00,90.00,54.00,-0.12,2.57,M3
55,00:20:06,36.19,90.00,53.81,-0.19,2.56,M3
56,00:20:08,36.31,90.00,53.69,-0.12,2.57,M3
57,00:20:10,36.38,90.00,53.62,-0.06,2.59,M3
58,00:20:12,36.56,90.00,53.44,-0.19,2.56,M3
59,00:20:14,36.69,90.00,53.31,-0.12,2.57,M3
60,00:20:16,36.81,90.00,53.19,-0.12,2.57,M3
61,00:20:19,36.94,90.00,53.06,-0.12,2.57,M3
62,00:20:21,37.06,90.00,52.94,-0.12,2.57,M3
63,00:20:23,37.19,90.00,52.81,-0.12,2.57,M3
64,00:20:25,37.31,90.00,52.69,-0.12,2.57,M3
65,00:20:27,37.44,90.00,52.56,-0.12,2.57,M3
66,00:20:29,37.62,90.00,52.38,-0.19,2.56,M3
67,00:20:31,37.75,90.00,52.25,-0.12,2.57,M3
68,00:20:33,37.81,90.00,52.19,-0.06,2.59,M3
69,00:20:35,37.94,90.00,52.06,-0.12,2.57,M3
70,00:20:37,38.12,90.00,51.88,-0.19,2.56,M3
71,00:20:39,38.25,90.00,51.75,-0.12,2.57,M3
72,00:20:41,38.38,90.00,51.62,-0.12,2.57,M3
73,00:20:43,38.50,90.00,51.50,-0.12,2.57,M3
74,00:20:45,38.62,90.00,51.38,-0.12,2.57,M3
75,00:20:47,38.75,90.00,51.25,-0.12,2.57,M3
76,00:20:49,38.88,90.00,51.12,-0.12,2.57,M3
77,00:20:51,39.00,90.00,51.00,-0.12,2.57,M3
78,00:20:53,39.12,90.00,50.88,-0.12,2.57,M3
79,00:20:55,39.25,90.00,50.75,-0.12,2.57,M3
80,00:20:57,39.44,90.00,50.56,-0.19,2.56,M3
81,00:20:59,39.56,90.00,50.44,-0.12,2.57,M3
82,00:21:01,39.69,90.00,50.31,-0.12,2.57,M3
83,00:21:03,39.81,90.00,50.19,-0.12,2.57,M3
84,00:21:05,39.94,90.00,50.06,-0.12,2.57,M3
85,00:21:07,40.06,90.00,49.94,-0.12,2.57,M3
86,00:21:09,40.19,90.00,49.81,-0.12,2.57,M3
87,00:21:11,40.31,90.00,49.69,-0.12,2.57,M3
88,00:21:13,40.50,90.00,49.50,-0.19,2.56,M3
89,00:21:15,40.62,90.00,49.38,-0.12,2.57,M3
90,00:21:17,40.75,90.00,49.25,-0.12,2.57,M3
91,00:21:19,40.88,90.00,49.12,-0.12,2.57,M3
92,00:21:21,41.00,90.00,49.00,-0.12,2.57,M3
93,00:21:23,41.19,90.00,48.81,-0.19,2.56,M3
94,00:21:25,41.31,90.00,48.69,-0.12,2.57,M3
95,00:21:27,41.44,90.00,48.56,-0.12,2.57,M3
96,00:21:29,41.56,90.00,48.44,-0.12,2.57,M3
97,00:21:31,41.69,90.00,48.31,-0.12,2.57,M3
98,00:21:33,41.81,90.00,48.19,-0.12,2.57,M3
99,00:21:35,41.94,90.00,48.06,-0.12,2.57,M3
100,00:21:37,42.06,90.00,47.94,-0.12,2.57,M3
101,00:21:39,42.19,90.00,47.81,-0.12,2.57,M3
102,00:21:41,42.31,90.00,47.69,-0.12,2.57,M3
103,00:21:43,42.44,90.00,47.56,-0.12,2.57,M3
104,00:21:45,42.56,90.00,47.44,-0.12,2.57,M3
105,00:21:47,42.69,90.00,47.31,-0.12,2.57,M3
106,00:21:49,42.81,90.00,47.19,-0.12,2.57,M3
107,00:21:51,42.94,90.00,47.06,-0.12,2.57,M3
108,00:21:53,43.06,90.00,46.94,-0.12,2.57,M3
109,00:21:55,43.25,90.00,46.75,-0.19,2.56,M3
110,00:21:57,43.31,90.00,46.69,-0.06,2.59,M3
111,00:21:59,43.44,90.00,46.56,-0.12,2.57,M3
112,00:22:02,43.56,90.00,46.44,-0.12,2.57,M3
113,00:22:04,43.75,90.00,46.25,-0.19,2.56,M3
114,00:22:06,43.88,90.00,46.12,-0.12,2.57,M3
115,00:22:08,43.94,90.00,46.06,-0.06,2.59,M3
116,00:22:10,44.06,90.00,45.94,-0.12,2.57,M3
117,00:22:12,44.25,90.00,45.75,-0.19,2.56,M3
118,00:22:14,44.38,90.00,45.62,-0.12,2.57,M3
119,00:22:16,44.50,90.00,45.50,-0.12,2.57,M3
120,00:22:18,44.56,90.00,45.44,-0.06,2.59,M3
121,00:22:20,44.75,90.00,45.25,-0.19,2.56,M3
122,00:22:22,44.81,90.00,45.19,-0.06,2.59,M3
123,00:22:24,45.00,90.00,45.00,-0.19,2.56,M3
124,00:22:26,45.12,90.00,44.88,-0.12,2.57,M3
125,00:22:28,45.25,90.00,44.75,-0.12,2.57,M3
126,00:22:30,45.50,90.00,44.50,-0.12,2.57,M3
127,00:22:32,45.62,90.00,44.38,-0.12,2.57,M3
128,00:22:34,45.75,90.00,44.25,-0.12,2.57,M3
129,00:22:36,45.88,90.00,44.12,-0.12,2.57,M3
130,00:22:38,46.06,90.00,43.94,-0.19,2.56,M3
131,00:22:40,46.19,90.00,43.81,-0.12,2.57,M3
132,00:22:42,46.31,90.00,43.69,-0.12,2.57,M3
133,00:22:44,46.44,90.00,43.56,-0.12,2.57,M3
134,00:22:46,46.56,90.00,43.44,-0.12,2.57,M3
135,00:22:48,46.69,90.00,43.31,-0.12,2.57,M3
136,00:22:50,46.81,90.00,43.19,-0.12,2.57,M3
137,00:22:52,46.94,90.00,43.06,-0.12,2.57,M3
138,00:22:54,47.12,90.00,42.88,-0.19,2.56,M3
139,00:22:56,47.19,90.00,42.81,-0.06,2.59,M3
140,00:22:58,47.31,90.00,42.69,-0.12,2.57,M3
141,00:23:00,47.44,90.00,42.56,-0.12,2.57,M3
142,00:23:02,47.62,90.00,42.38,-0.19,2.56,M3
143,00:23:04,47.75,90.00,42.25,-0.12,2.57,M3
144,00:23:06,47.88,90.00,42.12,-0.12,2.57,M3
145,00:23:08,48.00,90.00,42.00,-0.12,2.57,M3
146,00:23:10,48.12,90.00,41.88,-0.12,2.57,M3
147,00:23:12,48.25,90.00,41.75,-0.12,2.57,M3
148,00:23:14,48.38,90.00,41.62,-0.12,2.57,M3
149,00:23:16,48.50,90.00,41.50,-0.12,2.57,M3
150,00:23:18,48.62,90.00,41.38,-0.12,2.57,M3
151,00:23:20,48.81,90.00,41.19,-0.19,2.56,M3
152,00:23:22,48.88,90.00,41.12,-0.06,2.59,M3
153,00:23:24,49.00,90.00,41.00,-0.12,2.57,M3
154,00:23:26,49.12,90.00,40.88,-0.12,2.57,M3
155,00:23:28,49.25,90.00,40.75,-0.12,2.57,M3
156,00:23:30,49.38,90.00,40.62,-0.12,2.57,M3
157,00:23:32,49.50,90.00,40.50,-0.12,2.57,M3
158,00:23:34,49.62,90.00,40.38,-0.12,2.57,M3
159,00:23:36,49.75,90.00,40.25,-0.12,2.57,M3
160,00:23:39,49.88,90.00,40.12,-0.12,2.57,M3
161,00:23:41,50.00,90.00,40.00,-0.12,2.57,M3
162,00:23:43,50.06,90.00,39.94,-0.06,2.59,M3
163,00:23:45,50.19,90.00,39.81,-0.12,2.57,M3
164,00:23:47,50.31,90.00,39.69,-0.12,2.57,M3
165,00:23:49,50.50,90.00,39.50,-0.19,2.56,M3
166,00:23:51,50.56,90.00,39.44,-0.06,2.59,M3
167,00:23:53,50.75,90.00,39.25,-0.19,2.56,M3
168,00:23:55,50.81,90.00,39.19,-0.06,2.59,M3
169,00:23:57,51.00,90.00,39.00,-0.19,2.56,M3
170,00:23:59,51.12,90.00,38.88,-0.12,2.57,M3
171,00:24:01,51.19,90.00,38.81,-0.06,2.59,M3
172,00:24:03,51.38,90.00,38.62,-0.19,2.56,M3
173,00:24:05,51.50,90.00,38.50,-0.12,2.57,M3
174,00:24:07,51.62,90.00,38.38,-0.12,2.57,M3
175,00:24:09,51.75,90.00,38.25,-0.12,2.57,M3
176,00:24:11,51.88,90.00,38.12,-0.12,2.57,M3
177,00:24:13,52.00,90.00,38.00,-0.12,2.57,M3
178,00:24:15,52.12,90.00,37.88,-0.12,2.57,M3
179,00:24:17,52.25,90.00,37.75,-0.12,2.57,M3
180,00:24:19,52.38,90.00,37.62,-0.12,2.57,M3
181,00:24:21,52.50,90.00,37.50,-0.12,2.57,M3
182,00:24:23,52.62,90.00,37.38,-0.12,2.57,M3
183,00:24:25,52.75,90.00,37.25,-0.12,2.57,M3
184,00:24:27,52.88,90.00,37.12,-0.12,2.57,M3
185,00:24:29,53.06,90.00,36.94,-0.19,2.56,M3
186,00:24:31,53.12,90.00,36.88,-0.06,2.59,M3
187,00:24:33,53.31,90.00,36.69,-0.19,2.56,M3
188,00:24:35,53.44,90.00,36.56,-0.12,2.57,M3
189,00:24:37,53.56,90.00,36.44,-0.12,2.57,M3
190,00:24:39,53.69,90.00,36.31,-0.12,2.57,M3
191,00:24:41,53.81,90.00,36.19,-0.12,2.57,M3
192,00:24:43,53.94,90.00,36.06,-0.12,2.57,M3
193,00:24:45,54.06,90.00,35.94,-0.12,2.57,M3
194,00:24:47,54.19,90.00,35.81,-0.12,2.57,M3
195,00:24:49,54.31,90.00,35.69,-0.12,2.57,M3
196,00:24:51,54.44,90.00,35.56,-0.12,2.57,M3
197,00:24:53,54.62,90.00,35.38,-0.19,2.56,M3
198,00:24:55,54.69,90.00,35.31,-0.06,2.58,M3
199,00:24:57,54.81,90.00,35.19,-0.12,2.57,M3
200,00:24:59,55.00,90.00,35.00,-0.19,2.56,M3
201,00:25:01,55.06,90.00,34.94,-0.06,2.56,M3
202,00:25:03,55.19,90.00,34.81,-0.12,2.54,M3
203,00:25:05,55.38,90.00,34.62,-0.19,2.51,M3
204,00:25:07,55.50,90.00,34.50,-0.12,2.51,M3
205,00:25:09,55.62,90.00,34.38,-0.12,2.50,M3
206,00:25:11,55.75,90.00,34.25,-0.12,2.49,M3
207,00:25:13,55.88,90.00,34.12,-0.12,2.48,M3
208,00:25:15,56.06,90.00,33.94,-0.19,2.44,M3
209,00:25:17,56.19,90.00,33.81,-0.12,2.45,M3
210,00:25:19,56.25,90.00,33.75,-0.06,2.45,M3
211,00:25:22,56.44,90.00,33.56,-0.19,2.40,M3
212,00:25:24,56.56,90.00,33.44,-0.12,2.42,M3
213,00:25:26,56.75,90.00,33.25,-0.19,2.38,M3
214,00:25:28,56.88,90.00,33.12,-0.12,2.39,M3
215,00:25:30,57.00,90.00,33.00,-0.12,2.38,M3
216,00:25:32,57.12,90.00,32.88,-0.12,2.37,M3
217,00:25:34,57.25,90.00,32.75,-0.12,2.36,M3
218,00:25:36,57.38,90.00,32.62,-0.12,2.35,M3
219,00:25:38,57.50,90.00,32.50,-0.12,2.34,M3
220,00:25:40,57.62,90.00,32.38,-0.12,2.33,M3
221,00:25:42,57.75,90.00,32.25,-0.12,2.32,M3
222,00:25:44,58.00,90.00,32.00,-0.25,2.30,M3
223,00:25:46,58.06,90.00,31.94,-0.06,2.29,M3
224,00:25:48,58.31,90.00,31.69,-0.06,2.27,M3
225,00:25:50,58.44,90.00,31.56,-0.12,2.26,M3
226,00:25:52,58.44,90.00,31.56,-0.12,2.26,M3
227,00:25:54,58.62,90.00,31.38,-0.06,2.24,M2
228,00:25:56,58.75,90.00,31.25,-0.12,2.23,M2
229,00:25:58,58.88,90.00,31.12,-0.12,2.22,M2
230,00:26:00,59.06,90.00,30.94,-0.19,2.21,M2
231,00:26:02,59.12,90.00,30.88,-0.06,2.20,M2
232,00:26:04,59.25,90.00,30.75,-0.12,2.19,M2
233,00:26:06,59.38,90.00,30.62,-0.12,2.18,M2
234,00:26:08,59.50,90.00,30.50,-0.12,2.17,M2
235,00:26:10,59.62,90.00,30.38,-0.12,2.16,M2
236,00:26:12,59.69,90.00,30.31,-0.06,2.15,M2
237,00:26:14,59.81,90.00,30.19,-0.12,2.14,M2
238,00:26:16,59.94,90.00,30.06,-0.12,2.13,M2
239,00:26:18,60.06,90.00,29.94,-0.12,2.12,M2
240,00:26:20,60.12,90.00,29.88,-0.06,2.12,M2
241,00:26:22,60.25,90.00,29.75,-0.12,2.11,M2
242,00:26:24,60.31,90.00,29.69,-0.06,2.10,M2
243,00:26:26,60.38,90.00,29.62,-0.06,2.10,M2
244,00:26:28,60.50,90.00,29.50,-0.12,2.09,M2
245,00:26:30,60.62,90.00,29.38,-0.12,2.08,M2
246,00:26:32,60.69,90.00,29.31,-0.06,2.07,M2
247,00:26:34,60.75,90.00,29.25,-0.06,2.07,M2
248,00:26:36,60.88,90.00,29.12,-0.12,2.06,M2
249,00:26:38,60.94,90.00,29.06,-0.06,2.05,M2
250,00:26:40,61.06,90.00,28.94,-0.12,2.04,M2
251,00:26:42,61.12,90.00,28.88,-0.06,2.04,M2
252,00:26:44,61.25,90.00,28.75,-0.12,2.03,M2
253,00:26:46,61.31,90.00,28.69,-0.06,2.03,M2
254,00:26:48,61.44,90.00,28.56,-0.12,2.02,M2
255,00:26:50,61.44,90.00,28.56,0.00,2.02,M2
256,00:26:52,61.56,90.00,28.44,-0.12,2.01,M2
257,00:26:54,61.62,90.00,28.38,-0.06,2.00,M2
258,00:26:56,61.69,90.00,28.31,-0.06,2.00,M2
259,00:26:58,61.75,90.00,28.25,-0.06,2.00,M2
260,00:27:00,61.88,90.00,28.12,-0.12,1.99,M2
261,00:27:02,62.00,90.00,28.00,-0.12,1.98,M2
262,00:27:05,62.06,90.00,27.94,-0.06,1.98,M2
263,00:27:07,62.12,90.00,27.88,-0.06,1.97,M2
264,00:27:09,62.25,90.00,27.75,-0.12,1.96,M2
265,00:27:11,62.31,90.00,27.69,-0.06,1.96,M2
266,00:27:13,62.38,90.00,27.62,-0.06,1.96,M2
267,00:27:15,62.50,90.00,27.50,-0.12,1.95,M2
268,00:27:17,62.56,90.00,27.44,-0.06,1.94,M2
269,00:27:19,62.62,90.00,27.38,-0.06,1.94,M2
270,00:27:21,62.75,90.00,27.25,-0.12,1.93,M2
271,00:27:23,62.81,90.00,27.19,-0.06,1.93,M2
272,00:27:25,62.88,90.00,27.12,-0.06,1.92,M2
273,00:27:27,62.94,90.00,27.06,-0.06,1.92,M2
274,00:27:29,63.06,90.00,26.94,-0.12,1.91,M2
275,00:27:31,63.12,90.00,26.88,-0.06,1.91,M2
276,00:27:33,63.19,90.00,26.81,-0.06,1.91,M2
277,00:27:35,63.31,90.00,26.69,-0.12,1.90,M2
278,00:27:37,63.38,90.00,26.62,-0.06,1.90,M2
279,00:27:39,63.44,90.00,26.56,-0.06,1.89,M2
280,00:27:41,63.50,90.00,26.50,-0.06,1.89,M2
281,00:27:43,63.62,90.00,26.38,-0.12,1.88,M2
282,00:27:45,63.69,90.00,26.31,-0.06,1.88,M2
283,00:27:47,63.75,90.00,26.25,-0.06,1.87,M2
284,00:27:49,63.81,90.00,26.19,-0.06,1.87,M2
285,00:27:51,63.94,90.00,26.06,-0.12,1.86,M2
286,00:27:53,64.06,90.00,25.94,-0.12,1.86,M2
287,00:27:55,64.06,90.00,25.94,0.00,1.86,M2
288,00:27:57,64.19,90.00,25.81,-0.12,1.85,M2
289,00:27:59,64.19,90.00,25.81,0.00,1.85,M2
290,00:28:01,64.31,90.00,25.69,-0.12,1.84,M2
291,00:28:03,64.38,90.00,25.62,-0.06,1.84,M2
292,00:28:05,64.44,90.00,25.56,-0.06,1.84,M2
293,00:28:07,64.56,90.00,25.44,-0.12,1.83,M2
294,00:28:09,64.62,90.00,25.38,-0.06,1.83,M2
295,00:28:11,64.75,90.00,25.25,-0.12,1.82,M2
296,00:28:13,64.81,90.00,25.19,-0.06,1.82,M2
297,00:28:15,64.88,90.00,25.12,-0.06,1.82,M2
298,00:28:17,64.94,90.00,25.06,-0.06,1.81,M2
299,00:28:19,65.06,90.00,24.94,-0.12,1.81,M2
300,00:28:21,65.12,90.00,24.88,-0.06,1.81,M2
301,00:28:23,65.19,90.00,24.81,-0.06,1.81,M2
302,00:28:25,65.25,90.00,24.75,-0.06,1.81,M2
303,00:28:27,65.31,90.00,24.69,-0.06,1.81,M2
304,00:28:29,65.44,90.00,24.56,-0.12,1.81,M2
305,00:28:31,65.50,90.00,24.50,-0.06,1.81,M2
306,00:28:33,65.56,90.00,24.44,-0.06,1.81,M2
307,00:28:35,65.62,90.00,24.38,-0.06,1.81,M2
308,00:28:37,65.75,90.00,24.25,-0.12,1.81,M2
309,00:28:39,65.81,90.00,24.19,-0.06,1.81,M2
310,00:28:41,65.94,90.00,24.06,-0.12,1.81,M2
311,00:28:43,66.00,90.00,24.00,-0.06,1.81,M2
312,00:28:45,66.06,90.00,23.94,-0.06,1.81,M2
313,00:28:48,66.12,90.00,23.88,-0.06,1.81,M2
314,00:28:50,66.19,90.00,23.81,-0.06,1.81,M2
315,00:28:52,66.31,90.00,23.69,-0.12,1.81,M2
316,00:28:54,66.38,90.00,23.62,-0.06,1.81,M2
317,00:28:56,66.44,90.00,23.56,-0.06,1.81,M2
318,00:28:58,66.50,90.00,23.50,-0.06,1.81,M2
319,00:29:00,66.62,90.00,23.38,-0.12,1.81,M2
320,00:29:02,66.69,90.00,23.31,-0.06,1.81,M2
321,00:29:04,66.75,90.00,23.25,-0.06,1.81,M2
322,00:29:06,66.88,90.00,23.12,-0.12,1.81,M2
323,00:29:08,66.94,90.00,23.06,-0.06,1.81,M2
324,00:29:10,67.00,90.00,23.00,-0.06,1.81,M2
325,00:29:12,67.06,90.00,22.94,-0.06,1.81,M2
326,00:29:14,67.19,90.00,22.81,-0.12,1.81,M2
327,00:29:16,67.31,90.00,22.69,-0.06,1.82,M2
328,00:29:18,67.38,90.00,22.62,-0.06,1.82,M2
329,00:29:20,67.44,90.00,22.56,-0.06,1.82,M2
330,00:29:22,67.56,90.00,22.44,-0.12,1.81,M2
331,00:29:24,67.62,90.00,22.38,-0.06,1.82,M2
332,00:29:26,67.69,90.00,22.31,-0.06,1.82,M2
333,00:29:28,67.75,90.00,22.25,-0.06,1.82,M2
334,00:29:30,67.88,90.00,22.12,-0.12,1.81,M2
335,00:29:32,67.94,90.00,22.06,-0.06,1.82,M2
336,00:29:34,68.00,90.00,22.00,-0.06,1.82,M2
337,00:29:36,68.06,90.00,21.94,-0.06,1.82,M2
338,00:29:38,68.12,90.00,21.88,-0.06,1.82,M2
339,00:29:40,68.25,90.00,21.75,-0.12,1.81,M2
340,00:29:42,68.31,90.00,21.69,-0.06,1.82,M2
341,00:29:44,68.38,90.00,21.62,-0.06,1.82,M2
342,00:29:46,68.44,90.00,21.56,-0.06,1.82,M2
343,00:29:48,68.56,90.00,21.44,-0.12,1.81,M2
344,00:29:50,68.62,90.00,21.38,-0.06,1.82,M2
345,00:29:52,68.69,90.00,21.31,-0.06,1.82,M2
346,00:29:54,68.75,90.00,21.25,-0.06,1.82,M2
347,00:29:56,68.81,90.00,21.19,-0.06,1.82,M2
348,00:29:58,68.88,90.00,21.12,-0.06,1.82,M2
349,00:30:00,69.00,90.00,21.00,-0.12,1.81,M2
350,00:30:02,69.06,90.00,20.94,-0.06,1.82,M2
351,00:30:04,69.12,90.00,20.88,-0.06,1.82,M2
352,00:30:06,69.19,90.00,20.81,-0.06,1.82,M2
353,00:30:08,69.25,90.00,20.75,-0.06,1.82,M2
354,00:30:10,69.31,90.00,20.69,-0.06,1.82,M2
355,00:30:12,69.38,90.00,20.62,-0.06,1.82,M2
356,00:30:14,69.50,90.00,20.50,-0.12,1.81,M2
357,00:30:16,69.56,90.00,20.44,-0.06,1.82,M2
358,00:30:18,69.62,90.00,20.38,-0.06,1.82,M2
359,00:30:20,69.69,90.00,20.31,-0.06,1.82,M2
360,00:30:22,69.75,90.00,20.25,-0.06,1.82,M2
361,00:30:24,69.81,90.00,20.19,-0.06,1.82,M2
362,00:30:26,69.94,90.00,20.06,-0.12,1.81,M2
363,00:30:28,70.00,90.00,20.00,-0.06,1.83,M2
364,00:30:31,70.06,90.00,19.94,-0.06,1.83,M2
365,00:30:33,70.12,90.00,19.88,-0.06,1.83,M2
366,00:30:35,70.25,90.00,19.75,-0.12,1.81,M2
367,00:30:37,70.31,90.00,19.69,-0.06,1.83,M2
368,00:30:39,70.38,90.00,19.62,-0.06,1.83,M2
369,00:30:41,70.44,90.00,19.56,-0.06,1.83,M2
370,00:30:43,70.50,90.00,19.50,-0.06,1.83,M2
371,00:30:45,70.56,90.00,19.44,-0.06,1.83,M2
372,00:30:47,70.69,90.00,19.31,-0.12,1.81,M2
373,00:30:49,70.75,90.00,19.25,-0.06,1.83,M2
374,00:30:51,70.81,90.00,19.19,-0.06,1.83,M2
375,00:30:53,70.88,90.00,19.12,-0.06,1.83,M2
376,00:30:55,71.00,90.00,19.00,-0.12,1.81,M2
377,00:30:57,71.06,90.00,18.94,-0.06,1.83,M2
378,00:30:59,71.12,90.00,18.88,-0.06,1.83,M2
379,00:31:01,71.19,90.00,18.81,-0.06,1.83,M2
380,00:31:03,71.25,90.00,18.75,-0.06,1.83,M2
381,00:31:05,71.31,90.00,18.69,-0.06,1.83,M2
382,00:31:07,71.38,90.00,18.62,-0.06,1.83,M2
383,00:31:09,71.44,90.00,18.56,-0.06,1.83,M2
384,00:31:11,71.56,90.00,18.44,-0.12,1.81,M2
385,00:31:13,71.62,90.00,18.38,-0.06,1.83,M2
386,00:31:15,71.69,90.00,18.31,-0.06,1.83,M2
387,00:31:17,71.75,90.00,18.25,-0.06,1.83,M2
388,00:31:19,71.81,90.00,18.19,-0.06,1.83,M2
389,00:31:21,71.94,90.00,18.06,-0.12,1.81,M2
390,00:31:23,72.00,90.00,18.00,-0.06,1.83,M2
391,00:31:25,72.06,90.00,17.94,-0.06,1.83,M2
392,00:31:27,72.12,90.00,17.88,-0.06,1.83,M2
393,00:31:29,72.19,90.00,17.81,-0.06,1.83,M2
394,00:31:31,72.25,90.00,17.75,-0.06,1.83,M2
395,00:31:33,72.38,90.00,17.62,-0.12,1.81,M2
396,00:31:35,72.44,90.00,17.56,-0.06,1.83,M2
397,00:31:37,72.50,90.00,17.50,-0.06,1.83,M2
398,00:31:39,72.56,90.00,17.44,-0.06,1.83,M2
399,00:31:41,72.69,90.00,17.31,-0.12,1.81,M2
400,00:31:43,72.75,90.00,17.25,-0.06,1.83,M2
401,00:31:45,72.81,90.00,17.19,-0.06,1.83,M2
402,00:31:47,72.88,90.00,17.12,-0.06,1.83,M2
403,00:31:49,73.00,90.00,17.00,-0.12,1.81,M2
404,00:31:51,73.00,90.00,17.00,0.00,1.83,M2
405,00:31:53,73.12,90.00,16.88,-0.12,1.81,M2
406,00:31:55,73.19,90.00,16.81,-0.06,1.83,M2
407,00:31:57,73.25,90.00,16.75,-0.06,1.83,M2
408,00:31:59,73.31,90.00,16.69,-0.06,1.83,M2
409,00:32:01,73.44,90.00,16.56,-0.12,1.81,M2
410,00:32:03,73.50,90.00,16.50,-0.06,1.83,M2
411,00:32:05,73.56,90.00,16.44,-0.06,1.83,M2
412,00:32:07,73.62,90.00,16.38,-0.06,1.83,M2
413,00:32:09,73.75,90.00,16.25,-0.12,1.81,M2
414,00:32:11,73.81,90.00,16.19,-0.06,1.83,M2
415,00:32:14,73.88,90.00,16.12,-0.06,1.83,M2
416,00:32:16,73.94,90.00,16.06,-0.06,1.83,M2
417,00:32:18,74.00,90.00,16.00,-0.06,1.83,M2
418,00:32:20,74.06,90.00,15.94,-0.06,1.83,M2
419,00:32:22,74.19,90.00,15.81,-0.12,1.81,M2
420,00:32:24,74.25,90.00,15.75,-0.06,1.83,M2
421,00:32:26,74.31,90.00,15.69,-0.06,1.83,M2
422,00:32:28,74.38,90.00,15.62,-0.06,1.83,M2
423,00:32:30,74.44,90.00,15.56,-0.06,1.83,M2
424,00:32:32,74.50,90.00,15.50,-0.06,1.83,M2
425,00:32:34,74.56,90.00,15.44,-0.06,1.83,M2
426,00:32:36,74.69,90.00,15.31,-0.12,1.81,M2
427,00:32:38,74.75,90.00,15.25,-0.06,1.83,M2
428,00:32:40,74.81,90.00,15.19,-0.06,1.83,M2
429,00:32:42,75.00,90.00,15.00,-0.12,1.81,M2
430,00:32:44,75.06,90.00,14.94,-0.06,1.83,M2
431,00:32:46,75.12,90.00,14.88,-0.06,1.83,M2
432,00:32:48,75.19,90.00,14.81,-0.06,1.83,M2
433,00:32:50,75.25,90.00,14.75,-0.06,1.83,M2
434,00:32:52,75.31,90.00,14.69,-0.06,1.83,M2
435,00:32:54,75.38,90.00,14.62,-0.06,1.83,M2
436,00:32:56,75.50,90.00,14.50,-0.12,1.81,M2
437,00:32:58,75.56,90.00,14.44,-0.06,1.83,M2
438,00:33:00,75.62,90.00,14.38,-0.06,1.83,M2
439,00:33:02,75.69,90.00,14.31,-0.06,1.83,M2
440,00:33:04,75.81,90.00,14.19,-0.12,1.81,M2
441,00:33:06,75.88,90.00,14.12,-0.06,1.83,M2
442,00:33:08,75.94,90.00,14.06,-0.06,1.83,M2
443,00:33:10,76.00,90.00,14.00,-0.06,1.83,M2
444,00:33:12,76.06,90.00,13.94,-0.06,1.83,M2
445,00:33:14,76.12,90.00,13.88,-0.06,1.83,M2
446,00:33:16,76.19,90.00,13.81,-0.06,1.83,M2
447,00:33:18,76.31,90.00,13.69,-0.12,1.81,M2
448,00:33:20,76.38,90.00,13.62,-0.06,1.83,M2
449,00:33:22,76.44,90.00,13.56,-0.06,1.83,M2
450,00:33:24,76.50,90.00,13.50,-0.06,1.83,M2
451,00:33:26,76.56,90.00,13.44,-0.06,1.83,M2
452,00:33:28,76.62,90.00,13.38,-0.06,1.83,M2
453,00:33:30,76.75,90.00,13.25,-0.12,1.81,M2
454,00:33:32,76.81,90.00,13.19,-0.06,1.83,M2
455,00:33:34,76.88,90.00,13.12,-0.06,1.83,M2
456,00:33:36,76.94,90.00,13.06,-0.06,1.83,M2
457,00:33:38,77.00,90.00,13.00,-0.06,1.83,M2
458,00:33:40,77.06,90.00,12.94,-0.06,1.83,M2
459,00:33:42,77.19,90.00,12.81,-0.12,1.81,M2
460,00:33:44,77.19,90.00,12.81,0.00,1.83,M2
461,00:33:46,77.31,90.00,12.69,-0.12,1.81,M2
462,00:33:48,77.38,90.00,12.62,-0.06,1.83,M2
463,00:33:50,77.44,90.00,12.56,-0.06,1.83,M2
464,00:33:52,77.50,90.00,12.50,-0.06,1.83,M2
465,00:33:54,77.56,90.00,12.44,-0.06,1.83,M2
466,00:33:57,77.62,90.00,12.38,-0.06,1.83,M2
467,00:33:59,77.69,90.00,12.31,-0.06,1.83,M2
468,00:34:01,77.81,90.00,12.19,-0.12,1.81,M2
469,00:34:03,77.88,90.00,12.12,-0.06,1.83,M2
470,00:34:05,77.94,90.00,12.06,-0.06,1.83,M2
471,00:34:07,78.00,90.00,12.00,-0.06,1.83,M2
472,00:34:09,78.06,90.00,11.94,-0.06,1.83,M2
473,00:34:11,78.12,90.00,11.88,-0.06,1.83,M2
474,00:34:13,78.19,90.00,11.81,-0.06,1.83,M2
475,00:34:15,78.25,90.00,11.75,-0.06,1.83,M2
476,00:34:17,78.38,90.00,11.62,-0.12,1.81,M2
477,00:34:19,78.38,90.00,11.62,0.00,1.83,M2
478,00:34:21,78.50,90.00,11.50,-0.12,1.81,M2
479,00:34:23,78.56,90.00,11.44,-0.06,1.83,M2
480,00:34:25,78.62,90.00,11.38,-0.06,1.83,M2
481,00:34:27,78.69,90.00,11.31,-0.06,1.83,M2
482,00:34:29,78.75,90.00,11.25,-0.06,1.83,M2
483,00:34:31,78.81,90.00,11.19,-0.06,1.82,M2
484,00:34:33,78.94,90.00,11.06,-0.12,1.81,M2
485,00:34:35,78.94,90.00,11.06,0.00,1.82,M2
486,00:34:37,79.06,90.00,10.94,-0.12,1.81,M2
487,00:34:39,79.12,90.00,10.88,-0.06,1.82,M2
488,00:34:41,79.19,90.00,10.81,-0.06,1.82,M2
489,00:34:43,79.25,90.00,10.75,-0.06,1.82,M2
490,00:34:45,79.31,90.00,10.69,-0.06,1.82,M2
491,00:34:47,79.38,90.00,10.62,-0.06,1.82,M2
492,00:34:49,79.50,90.00,10.50,-0.12,1.81,M2
493,00:34:51,79.56,90.00,10.44,-0.06,1.82,M2
494,00:34:53,79.62,90.00,10.38,-0.06,1.82,M2
495,00:34:55,79.69,90.00,10.31,-0.06,1.82,M2
496,00:34:57,79.81,90.00,10.19,-0.12,1.81,M2
497,00:34:59,79.88,90.00,10.12,-0.06,1.82,M2
498,00:35:01,79.94,90.00,10.06,-0.06,1.82,M2
499,00:35:03,80.00,90.00,10.00,-0.06,1.82,M2
500,00:35:05,80.06,90.00,9.94,-0.06,1.82,M2
501,00:35:07,80.12,90.00,9.88,-0.06,1.82,M2
502,00:35:09,80.25,90.00,9.75,-0.12,1.81,M2
503,00:35:11,80.31,90.00,9.69,-0.06,1.82,M2
504,00:35:13,80.38,90.00,9.62,-0.06,1.82,M2
505,00:35:15,80.38,90.00,9.62,0.00,1.82,M2
506,00:35:17,80.50,90.00,9.50,-0.12,1.81,M2
507,00:35:19,80.56,90.00,9.44,-0.06,1.82,M2
508,00:35:21,80.62,90.00,9.38,-0.06,1.82,M2
509,00:35:23,80.69,90.00,9.31,-0.06,1.82,M2
510,00:35:25,80.75,90.00,9.25,-0.06,1.82,M2
511,00:35:27,80.81,90.00,9.19,-0.06,1.82,M2
512,00:35:29,80.88,90.00,9.12,-0.06,1.81,M2
513,00:35:31,80.94,90.00,9.06,-0.06,1.81,M2
514,00:35:33,81.00,90.00,9.00,-0.06,1.81,M2
515,00:35:35,81.06,90.00,8.94,-0.06,1.81,M2
516,00:35:37,81.19,90.00,8.81,-0.12,1.81,M2
517,00:35:40,81.25,90.00,8.75,-0.06,1.81,M2
518,00:35:42,81.31,90.00,8.69,-0.06,1.81,M2
519,00:35:44,81.38,90.00,8.62,-0.06,1.81,M2
520,00:35:46,81.44,90.00,8.56,-0.06,1.81,M2
521,00:35:48,81.50,90.00,8.50,-0.06,1.81,M2
522,00:35:50,81.56,90.00,8.44,-0.06,1.81,M2
523,00:35:52,81.62,90.00,8.38,-0.06,1.81,M2
524,00:35:54,81.69,90.00,8.31,-0.06,1.81,M2
525,00:35:56,81.75,90.00,8.25,-0.06,1.81,M2
526,00:35:58,81.81,90.00,8.19,-0.06,1.81,M2
527,00:36:00,81.88,90.00,8.12,-0.06,1.81,M2
528,00:36:02,81.94,90.00,8.06,-0.06,1.81,M2
529,00:36:04,82.06,90.00,7.94,-0.12,1.81,M2
530,00:36:06,82.12,90.00,7.88,-0.06,1.81,M2
531,00:36:08,82.25,90.00,7.75,-0.06,1.81,M2
532,00:36:10,82.31,90.00,7.69,-0.06,1.81,M2
533,00:36:12,82.38,90.00,7.62,-0.06,1.81,M2
534,00:36:14,82.44,90.00,7.56,-0.06,1.81,M2
535,00:36:16,82.56,90.00,7.44,-0.12,1.81,M2
536,00:36:18,82.62,90.00,7.38,-0.06,1.80,M2
537,00:36:20,82.69,90.00,7.31,-0.06,1.80,M2
538,00:36:22,82.75,90.00,7.25,-0.06,1.80,M2
539,00:36:24,82.75,90.00,7.25,0.00,1.80,M2
540,00:36:26,82.81,90.00,7.19,-0.06,1.80,M2
541,00:36:28,82.94,90.00,7.06,-0.12,1.80,M2
542,00:36:30,83.00,90.00,7.00,-0.06,1.80,M2
543,00:36:32,83.06,90.00,6.94,-0.06,1.80,M2
544,00:36:34,83.12,90.00,6.88,-0.06,1.80,M2
545,00:36:36,83.19,90.00,6.81,-0.06,1.80,M2
546,00:36:38,83.25,90.00,6.75,-0.06,1.80,M2
547,00:36:40,83.31,90.00,6.69,-0.06,1.80,M2
548,00:36:42,83.44,90.00,6.56,-0.12,1.80,M2
549,00:36:44,83.44,90.00,6.56,0.00,1.80,M2
550,00:36:46,83.50,90.00,6.50,-0.06,1.80,M2
551,00:36:48,83.62,90.00,6.38,-0.12,1.80,M2
552,00:36:50,83.62,90.00,6.38,0.00,1.80,M2
553,00:36:52,83.75,90.00,6.25,-0.12,1.80,M2
554,00:36:54,83.75,90.00,6.25,0.00,1.80,M2
555,00:36:56,83.88,90.00,6.12,-0.12,1.80,M2
556,00:36:58,83.94,90.00,6.06,-0.06,1.80,M2
557,00:37:00,84.00,90.00,6.00,-0.06,1.80,M2
558,00:37:02,84.06,90.00,5.94,-0.06,1.80,M2
559,00:37:04,84.12,90.00,5.88,-0.06,1.79,M2
560,00:37:06,84.19,90.00,5.81,-0.06,1.79,M2
561,00:37:08,84.25,90.00,5.75,-0.06,1.79,M2
562,00:37:10,84.31,90.00,5.69,-0.06,1.79,M2
563,00:37:12,84.44,90.00,5.56,-0.12,1.79,M2
564,00:37:14,84.44,90.00,5.56,0.00,1.79,M2
565,00:37:16,84.56,90.00,5.44,-0.12,1.79,M2
566,00:37:18,84.62,90.00,5.38,-0.06,1.79,M2
567,00:37:20,84.62,90.00,5.38,0.00,1.79,M2
568,00:37:23,84.69,90.00,5.31,-0.06,1.79,M2
569,00:37:25,84.81,90.00,5.19,-0.12,1.79,M2
570,00:37:27,84.88,90.00,5.12,-0.06,1.79,M2
571,00:37:29,84.88,90.00,5.12,0.00,1.79,M2
572,00:37:31,85.00,90.00,5.00,-0.12,1.79,M2
573,00:37:33,85.06,90.00,4.94,-0.06,1.79,M2
574,00:37:35,85.12,90.00,4.88,-0.06,1.79,M2
575,00:37:37,85.19,90.00,4.81,-0.06,1.79,M2
576,00:37:39,85.25,90.00,4.75,-0.06,1.79,M2
577,00:37:41,85.31,90.00,4.69,-0.06,1.79,M2
578,00:37:43,85.38,90.00,4.62,-0.06,1.79,M2
579,00:37:45,85.44,90.00,4.56,-0.06,1.79,M2
580,00:37:47,85.50,90.00,4.50,-0.06,1.79,M2
581,00:37:49,85.56,90.00,4.44,-0.06,1.78,M2
582,00:37:51,85.62,90.00,4.38,-0.06,1.78,M2
583,00:37:53,85.62,90.00,4.38,0.00,1.78,M2
584,00:37:55,85.75,90.00,4.25,-0.12,1.78,M2
585,00:37:57,85.81,90.00,4.19,-0.06,1.78,M2
586,00:37:59,85.88,90.00,4.12,-0.06,1.78,M2
587,00:38:01,85.94,90.00,4.06,-0.06,1.78,M2
588,00:38:03,86.00,90.00,4.00,-0.06,1.78,M2
589,00:38:05,86.06,90.00,3.94,-0.06,1.78,M2
590,00:38:07,86.12,90.00,3.88,-0.06,1.78,M2
591,00:38:09,86.19,90.00,3.81,-0.06,1.78,M2
592,00:38:11,86.25,90.00,3.75,-0.06,1.78,M2
593,00:38:13,86.31,90.00,3.69,-0.06,1.78,M2
594,00:38:15,86.38,90.00,3.62,-0.06,1.78,M2
595,00:38:17,86.44,90.00,3.56,-0.06,1.78,M2
596,00:38:19,86.50,90.00,3.50,-0.06,1.78,M2
597,00:38:21,86.56,90.00,3.44,-0.06,1.78,M2
598,00:38:23,86.62,90.00,3.38,-0.06,1.78,M2
599,00:38:25,86.75,90.00,3.25,-0.12,1.78,M2
600,00:38:27,86.81,90.00,3.19,-0.06,1.78,M2
601,00:38:29,86.88,90.00,3.12,-0.06,1.78,M2
602,00:38:31,86.94,90.00,3.06,-0.06,1.77,M2
603,00:38:33,87.00,90.00,3.00,-0.06,1.77,M2
604,00:38:35,87.06,90.00,2.94,-0.06,1.77,M2
605,00:38:37,87.12,90.00,2.88,-0.06,1.77,M2
606,00:38:39,87.19,90.00,2.81,-0.06,1.77,M2
607,00:38:41,87.25,90.00,2.75,-0.06,1.77,M2
608,00:38:43,87.31,90.00,2.69,-0.06,1.77,M2
609,00:38:45,87.44,90.00,2.56,-0.12,1.77,M2
610,00:38:47,87.44,90.00,2.56,0.00,1.77,M2
611,00:38:49,87.50,90.00,2.50,-0.06,1.77,M2
612,00:38:51,87.62,90.00,2.38,-0.12,1.77,M2
613,00:38:53,87.62,90.00,2.38,0.00,1.77,M2
614,00:38:55,87.75,90.00,2.25,-0.12,1.77,M2
615,00:38:57,87.81,90.00,2.19,-0.06,1.77,M2
616,00:38:59,87.81,90.00,2.19,0.00,1.77,M2
617,00:39:01,87.94,90.00,2.06,-0.12,1.77,M2
618,00:39:03,88.00,90.00,2.00,-0.06,1.77,M2
619,00:39:05,88.00,90.00,2.00,0.00,1.77,M2
620,00:39:08,88.06,90.00,1.94,-0.06,1.68,M2
621,00:39:10,88.12,90.00,1.88,-0.06,1.61,M2
622,00:39:12,88.19,90.00,1.81,-0.06,1.55,M2
623,00:39:14,88.25,90.00,1.75,-0.06,1.48,M2
624,00:39:16,88.31,90.00,1.69,-0.06,1.43,M2
625,00:39:18,88.44,90.00,1.56,-0.12,1.34,M2
626,00:39:20,88.44,90.00,1.56,0.00,1.34,M2
627,00:39:22,88.50,90.00,1.50,-0.06,1.31,M2
628,00:39:24,88.56,90.00,1.44,-0.06,1.28,M2
629,00:39:26,88.62,90.00,1.38,-0.06,1.25,M2
630,00:39:28,88.69,90.00,1.31,-0.06,1.23,M1
631,00:39:30,88.75,90.00,1.25,-0.06,1.21,M1
632,00:39:32,88.81,90.00,1.19,-0.06,1.19,M1
633,00:39:34,88.88,90.00,1.12,-0.06,1.18,M1
634,00:39:36,89.00,90.00,1.00,-0.06,1.15,M1
635,00:39:38,89.06,90.00,0.94,-0.06,1.14,M1
636,00:39:40,89.12,90.00,0.88,-0.06,1.13,M1
637,00:39:42,89.12,90.00,0.88,0.00,1.13,M1
638,00:39:44,89.19,90.00,0.81,-0.06,1.12,M1
639,00:39:46,89.25,90.00,0.75,-0.06,1.11,M1
640,00:39:48,89.31,90.00,0.69,-0.06,1.10,M1
641,00:39:50,89.31,90.00,0.69,0.00,1.10,M1
642,00:39:52,89.38,90.00,0.62,-0.06,1.10,M1
643,00:39:54,89.38,90.00,0.62,0.00,1.10,M1
644,00:39:56,89.44,90.00,0.56,-0.06,1.09,M1
645,00:39:58,89.44,90.00,0.56,0.00,1.09,M1
646,00:40:00,89.44,90.00,0.56,0.00,1.09,M1
647,00:40:02,89.50,90.00,0.50,-0.06,1.08,M1
648,00:40:04,89.50,90.00,0.50,0.00,1.08,M1
649,00:40:06,89.56,90.00,0.44,-0.06,1.07,M1
650,00:40:08,89.56,90.00,0.44,0.00,1.07,M1
651,00:40:10,89.56,90.00,0.44,0.00,1.07,M1
652,00:40:12,89.56,90.00,0.44,0.00,1.07,M1
653,00:40:14,89.56,90.00,0.44,0.00,1.07,M1
654,00:40:16,89.56,90.00,0.44,0.00,1.07,M1
655,00:40:18,89.56,90.00,0.44,0.00,1.07,M1
656,00:40:20,89.56,90.00,0.44,0.00,1.07,M1
657,00:40:22,89.56,90.00,0.44,0.00,1.07,M1
658,00:40:24,89.56,90.00,0.44,0.00,1.07,M1
659,00:40:26,89.56,90.00,0.44,0.00,1.07,M1
660,00:40:28,89.56,90.00,0.44,0.00,1.07,M1
661,00:40:30,89.56,90.00,0.44,0.00,1.07,M1
662,00:40:32,89.56,90.00,0.44,0.00,1.07,M1
663,00:40:34,89.56,90.00,0.44,0.00,1.07,M1
664,00:40:36,89.56,90.00,0.44,0.00,1.07,M1
665,00:40:38,89.56,90.00,0.44,0.00,1.07,M1
666,00:40:40,89.56,90.00,0.44,0.00,1.07,M1
667,00:40:42,89.56,90.00,0.44,0.00,1.07,M1
668,00:40:44,89.56,90.00,0.44,0.00,1.07,M1
669,00:40:46,89.56,90.00,0.44,0.00,1.07,M1
670,00:40:49,89.56,90.00,0.44,0.00,1.07,M1
671,00:40:51,89.56,90.00,0.44,0.00,1.07,M1
672,00:40:53,89.56,90.00,0.44,0.00,1.07,M1
673,00:40:55,89.56,90.00,0.44,0.00,1.07,M1
674,00:40:57,89.56,90.00,0.44,0.00,1.07,M1
675,00:40:59,89.56,90.00,0.44,0.00,1.07,M1
676,00:41:01,89.56,90.00,0.44,0.00,1.07,M1
677,00:41:03,89.56,90.00,0.44,0.00,1.07,M1
678,00:41:05,89.56,90.00,0.44,0.00,1.07,M1
679,00:41:07,89.56,90.00,0.44,0.00,1.07,M1
680,00:41:09,89.56,90.00,0.44,0.00,1.07,M1
681,00:41:11,89.56,90.00,0.44,0.00,1.07,M1
682,00:41:13,89.56,90.00,0.44,0.00,1.07,M1
683,00:41:15,89.56,90.00,0.44,0.00,1.07,M1
684,00:41:17,89.50,90.00,0.50,0.06,1.08,M1
685,00:41:19,89.50,90.00,0.50,0.00,1.08,M1
686,00:41:21,89.50,90.00,0.50,0.00,1.08,M1
687,00:41:23,89.50,90.00,0.50,0.00,1.08,M1
688,00:41:25,89.50,90.00,0.50,0.00,1.08,M1
689,00:41:27,89.50,90.00,0.50,0.00,1.08,M1
690,00:41:29,89.50,90.00,0.50,0.00,1.08,M1
691,00:41:31,89.50,90.00,0.50,0.00,1.08,M1
692,00:41:33,89.56,90.00,0.44,-0.06,1.07,M1
693,00:41:35,89.50,90.00,0.50,0.06,1.08,M1
694,00:41:37,89.56,90.00,0.44,-0.06,1.07,M1
695,00:41:39,89.50,90.00,0.50,0.06,1.08,M1
696,00:41:41,89.50,90.00,0.50,0.00,1.08,M1
697,00:41:43,89.50,90.00,0.50,0.00,1.08,M1
698,00:41:45,89.56,90.00,0.44,-0.06,1.07,M1
699,00:41:47,89.50,90.00,0.50,0.06,1.08,M1
700,00:41:49,89.50,90.00,0.50,0.00,1.08,M1
701,00:41:51,89.50,90.00,0.50,0.00,1.08,M1
702,00:41:53,89.50,90.00,0.50,0.00,1.08,M1
703,00:41:55,89.56,90.00,0.44,-0.06,1.07,M1
704,00:41:57,89.56,90.00,0.44,0.00,1.07,M1
705,00:41:59,89.56,90.00,0.44,0.00,1.07,M1
706,00:42:01,89.56,90.00,0.44,0.00,1.07,M1
707,00:42:03,89.56,90.00,0.44,0.00,1.07,M1
708,00:42:05,89.56,90.00,0.44,0.00,1.07,M1
709,00:42:07,89.56,90.00,0.44,0.00,1.07,M1
710,00:42:09,89.56,90.00,0.44,0.00,1.07,M1
711,00:42:11,89.56,90.00,0.44,0.00,1.07,M1
712,00:42:13,89.56,90.00,0.44,0.00,1.07,M1
713,00:42:15,89.56,90.00,0.44,0.00,1.07,M1
714,00:42:17,89.56,90.00,0.44,0.00,1.07,M1
715,00:42:19,89.56,90.00,0.44,0.00,1.07,M1
716,00:42:21,89.56,90.00,0.44,0.00,1.07,M1
717,00:42:23,89.56,90.00,0.44,0.00,1.07,M1
718,00:42:25,89.56,90.00,0.44,0.00,1.07,M1
719,00:42:27,89.62,90.00,0.38,-0.06,1.07,M1
720,00:42:29,89.56,90.00,0.44,0.06,1.07,M1
721,00:42:31,89.62,90.00,0.38,-0.06,1.07,M1
722,00:42:34,89.56,90.00,0.44,0.06,1.07,M1
723,00:42:36,89.56,90.00,0.44,0.00,1.07,M1
724,00:42:38,89.56,90.00,0.44,0.00,1.07,M1
725,00:42:40,89.62,90.00,0.38,-0.06,1.07,M1
726,00:42:42,89.62,90.00,0.38,0.00,1.07,M1
727,00:42:44,89.62,90.00,0.38,0.00,1.07,M1
728,00:42:46,89.62,90.00,0.38,0.00,1.07,M1
729,00:42:48,89.56,90.00,0.44,0.06,1.07,M1
730,00:42:50,89.62,90.00,0.38,-0.06,1.07,M1
731,00:42:52,89.62,90.00,0.38,0.00,1.07,M1
732,00:42:54,89.62,90.00,0.38,0.00,1.07,M1
733,00:42:56,89.62,90.00,0.38,0.00,1.07,M1
734,00:42:58,89.56,90.00,0.44,0.06,1.07,M1
735,00:43:00,89.62,90.00,0.38,-0.06,1.07,M1
736,00:43:02,89.62,90.00,0.38,0.00,1.07,M1
737,00:43:04,89.62,90.00,0.38,0.00,1.07,M1
738,00:43:06,89.62,90.00,0.38,0.00,1.07,M1
739,00:43:08,89.62,90.00,0.38,0.00,1.07,M1
740,00:43:10,89.62,90.00,0.38,0.00,1.07,M1
741,00:43:12,89.62,90.00,0.38,0.00,1.07,M1
742,00:43:14,89.69,90.00,0.31,-0.06,1.06,M1
743,00:43:16,89.69,90.00,0.31,0.00,1.06,M1
744,00:43:18,89.69,90.00,0.31,0.00,1.06,M1
745,00:43:20,89.69,90.00,0.31,0.00,1.06,M1
746,00:43:22,89.69,90.00,0.31,0.00,1.06,M1
747,00:43:24,89.75,90.00,0.25,-0.06,1.05,M1
748,00:43:26,89.75,90.00,0.25,0.00,1.06,M1
749,00:43:28,89.75,90.00,0.25,0.00,1.06,M1
750,00:43:30,89.75,90.00,0.25,0.00,1.06,M1
751,00:43:32,89.75,90.00,0.25,0.00,1.06,M1
752,00:43:34,89.81,90.00,0.19,-0.06,1.05,M1
753,00:43:36,89.81,90.00,0.19,0.00,1.05,M1
754,00:43:38,89.81,90.00,0.19,0.00,1.05,M1
755,00:43:40,89.81,90.00,0.19,0.00,1.05,M1
756,00:43:42,89.88,90.00,0.12,-0.06,1.04,M1
757,00:43:44,89.88,90.00,0.12,0.00,1.05,M1
758,00:43:46,89.88,90.00,0.12,0.00,1.05,M1
759,00:43:48,89.94,90.00,0.06,-0.06,1.03,M1
760,00:43:50,89.94,90.00,0.06,0.00,1.05,M1
761,00:43:52,89.94,90.00,0.06,0.00,1.05,M1
762,00:43:54,90.00,90.00,0.00,-0.06,1.00,M1
763,00:43:56,90.00,90.00,0.00,0.00,1.00,M1
764,00:43:58,90.00,90.00,0.00,0.00,1.00,M1
765,00:44:00,90.00,90.00,0.00,0.00,1.00,M1
766,00:44:02,90.06,90.00,-0.06,-0.06,0.96,M1
767,00:44:04,90.06,90.00,-0.06,0.00,0.95,M1
768,00:44:06,90.06,90.00,-0.06,0.00,0.95,M1
769,00:44:09,90.12,90.00,-0.12,-0.06,0.95,M1
770,00:44:11,90.12,90.00,-0.12,0.00,0.94,M1
771,00:44:13,90.12,90.00,-0.12,0.00,0.94,M1
772,00:44:15,90.12,90.00,-0.12,0.00,0.94,M1
773,00:44:17,90.12,90.00,-0.12,0.00,0.94,M1
774,00:44:19,90.19,90.00,-0.19,-0.06,0.94,M1
775,00:44:21,90.19,90.00,-0.19,0.00,0.93,M1
776,00:44:23,90.25,90.00,-0.25,-0.06,0.92,M1
777,00:44:25,90.25,90.00,-0.25,0.00,0.92,M1
778,00:44:27,90.25,90.00,-0.25,0.00,0.92,M1
779,00:44:29,90.31,90.00,-0.31,-0.06,0.91,M1
780,00:44:31,90.31,90.00,-0.31,0.00,0.91,M1
781,00:44:33,90.31,90.00,-0.31,0.00,0.91,M1
782,00:44:35,90.38,90.00,-0.38,-0.06,0.90,M1
783,00:44:37,90.38,90.00,-0.38,0.00,0.90,M1
784,00:44:39,90.38,90.00,-0.38,0.00,0.90,M1
785,00:44:41,90.38,90.00,-0.38,0.00,0.90,M1
786,00:44:43,90.38,90.00,-0.38,0.00,0.90,M1
787,00:44:45,90.44,90.00,-0.44,-0.06,0.89,M1
788,00:44:47,90.44,90.00,-0.44,0.00,0.89,M1
789,00:44:49,90.44,90.00,-0.44,0.00,0.89,M1
790,00:44:51,90.44,90.00,-0.44,0.00,0.89,M1
791,00:44:53,90.50,90.00,-0.50,-0.06,0.87,M1
792,00:44:55,90.50,90.00,-0.50,0.00,0.87,M1
793,00:44:57,90.50,90.00,-0.50,0.00,0.87,M1
794,00:44:59,90.50,90.00,-0.50,0.00,0.87,M1
795,00:45:01,90.56,90.00,-0.56,-0.06,0.86,M1
796,00:45:03,90.56,90.00,-0.56,0.00,0.86,M1
797,00:45:05,90.62,90.00,-0.62,-0.06,0.85,M1
798,00:45:07,90.62,90.00,-0.62,0.00,0.85,M1
799,00:45:09,90.62,90.00,-0.62,0.00,0.85,M1
800,00:45:11,90.62,90.00,-0.62,0.00,0.85,M1
801,00:45:13,90.69,90.00,-0.69,-0.06,0.84,M1
802,00:45:15,90.69,90.00,-0.69,0.00,0.84,M1
803,00:45:17,90.69,90.00,-0.69,0.00,0.84,M1
804,00:45:19,90.69,90.00,-0.69,0.00,0.84,M1
805,00:45:21,90.75,90.00,-0.75,-0.06,0.82,M1
806,00:45:23,90.75,90.00,-0.75,0.00,0.82,M1
807,00:45:25,90.75,90.00,-0.75,0.00,0.82,M1
808,00:45:27,90.81,90.00,-0.81,-0.06,0.81,M1
809,00:45:29,90.81,90.00,-0.81,0.00,0.81,M1
810,00:45:31,90.81,90.00,-0.81,0.00,0.81,M1
811,00:45:33,90.81,90.00,-0.81,0.00,0.81,M1
812,00:45:35,90.88,90.00,-0.88,-0.06,0.79,M1
813,00:45:37,90.81,90.00,-0.81,0.06,0.81,M1
814,00:45:39,90.88,90.00,-0.88,-0.06,0.79,M1
815,00:45:41,90.88,90.00,-0.88,0.00,0.79,M1
816,00:45:44,90.88,90.00,-0.88,0.00,0.79,M1
817,00:45:46,90.88,90.00,-0.88,0.00,0.79,M1
818,00:45:48,90.88,90.00,-0.88,0.00,0.79,M1
819,00:45:50,90.88,90.00,-0.88,0.00,0.79,M1
820,00:45:52,90.94,90.00,-0.94,-0.06,0.78,M1
821,00:45:54,90.94,90.00,-0.94,0.00,0.78,M1
822,00:45:56,90.88,90.00,-0.88,0.06,0.79,M1
823,00:45:58,90.88,90.00,-0.88,0.00,0.79,M1
824,00:46:00,90.94,90.00,-0.94,-0.06,0.78,M1
825,00:46:02,90.94,90.00,-0.94,0.00,0.78,M1
826,00:46:04,90.88,90.00,-0.88,0.06,0.79,M1
827,00:46:06,90.94,90.00,-0.94,-0.06,0.78,M1
828,00:46:08,90.94,90.00,-0.94,0.00,0.78,M1
829,00:46:10,91.00,90.00,-1.00,-0.06,0.76,M1
830,00:46:12,90.94,90.00,-0.94,0.06,0.78,M1
831,00:46:14,91.00,90.00,-1.00,-0.06,0.76,M1
832,00:46:16,91.00,90.00,-1.00,0.00,0.76,M1
833,00:46:18,91.00,90.00,-1.00,0.00,0.76,M1
834,00:46:20,91.00,90.00,-1.00,0.00,0.76,M1
835,00:46:22,91.00,90.00,-1.00,0.00,0.76,M1
836,00:46:24,91.00,90.00,-1.00,0.00,0.76,M1
837,00:46:26,91.00,90.00,-1.00,0.00,0.76,M1
838,00:46:28,91.00,90.00,-1.00,0.00,0.76,M1
839,00:46:30,91.06,90.00,-1.06,-0.06,0.74,M1
840,00:46:32,91.06,90.00,-1.06,0.00,0.74,M1
841,00:46:34,91.06,90.00,-1.06,0.00,0.74,M1
842,00:46:36,91.06,90.00,-1.06,0.00,0.74,M1
843,00:46:38,91.06,90.00,-1.06,0.00,0.74,M1
844,00:46:40,91.06,90.00,-1.06,0.00,0.74,M1
845,00:46:42,91.00,90.00,-1.00,0.06,0.76,M1
846,00:46:44,90.88,90.00,-0.88,0.12,0.79,M1
847,00:46:46,90.81,90.00,-0.81,0.06,0.81,M1
848,00:46:48,90.69,90.00,-0.69,0.12,0.83,M1
849,00:46:50,90.56,90.00,-0.56,0.12,0.85,M1
850,00:46:52,90.44,90.00,-0.44,0.12,0.88,M1
851,00:46:54,90.38,90.00,-0.38,0.06,0.90,M1
852,00:46:56,90.25,90.00,-0.25,0.12,0.92,M1
853,00:46:58,90.12,90.00,-0.12,0.12,0.96,M1
854,00:47:00,90.12,90.00,-0.12,0.00,0.94,M1
855,00:47:02,90.06,90.00,-0.06,0.06,0.96,M1
856,00:47:04,90.00,90.00,0.00,0.06,1.00,M1
857,00:47:06,90.00,90.00,0.00,0.00,1.00,M1
858,00:47:08,89.94,90.00,0.06,0.06,1.03,M1
859,00:47:10,89.94,90.00,0.06,0.00,1.05,M1
860,00:47:12,89.94,90.00,0.06,0.00,1.05,M1
861,00:47:14,89.94,90.00,0.06,0.00,1.05,M1
862,00:47:16,89.94,90.00,0.06,0.00,1.05,M1
863,00:47:18,89.94,90.00,0.06,0.00,1.05,M1
864,00:47:20,89.94,90.00,0.06,0.00,1.05,M1
865,00:47:23,89.94,90.00,0.06,0.00,1.05,M1
866,00:47:25,89.94,90.00,0.06,0.00,1.05,M1
867,00:47:27,89.94,90.00,0.06,0.00,1.05,M1
868,00:47:29,89.94,90.00,0.06,0.00,1.05,M1
869,00:47:31,89.94,90.00,0.06,0.00,1.05,M1
870,00:47:33,89.94,90.00,0.06,0.00,1.05,M1
871,00:47:35,89.94,90.00,0.06,0.00,1.05,M1
872,00:47:37,89.94,90.00,0.06,0.00,1.05,M1
873,00:47:39,90.00,90.00,0.00,-0.06,1.00,M1
874,00:47:41,90.00,90.00,0.00,0.00,1.00,M1
875,00:47:43,90.00,90.00,0.00,0.00,1.00,M1
876,00:47:45,90.06,90.00,-0.06,-0.06,0.96,M1
877,00:47:47,90.06,90.00,-0.06,0.00,0.95,M1
878,00:47:49,90.06,90.00,-0.06,0.00,0.95,M1
879,00:47:51,90.00,90.00,0.00,0.06,1.00,M1
880,00:47:53,90.06,90.00,-0.06,-0.06,0.96,M1
881,00:47:55,90.06,90.00,-0.06,0.00,0.95,M1
882,00:47:57,90.12,90.00,-0.12,-0.06,0.95,M1
883,00:47:59,90.12,90.00,-0.12,0.00,0.94,M1
884,00:48:01,90.12,90.00,-0.12,0.00,0.94,M1
885,00:48:03,90.12,90.00,-0.12,0.00,0.94,M1
886,00:48:05,90.12,90.00,-0.12,0.00,0.94,M1
887,00:48:07,90.19,90.00,-0.19,-0.06,0.94,M1
888,00:48:09,90.12,90.00,-0.12,0.06,0.95,M1
889,00:48:11,90.12,90.00,-0.12,0.00,0.94,M1
890,00:48:13,90.19,90.00,-0.19,-0.06,0.94,M1
891,00:48:15,90.19,90.00,-0.19,0.00,0.93,M1
892,00:48:17,90.19,90.00,-0.19,0.00,0.93,M1
893,00:48:19,90.19,90.00,-0.19,0.00,0.93,M1
894,00:48:21,90.25,90.00,-0.25,-0.06,0.92,M1
895,00:48:23,90.25,90.00,-0.25,0.00,0.92,M1
896,00:48:25,90.25,90.00,-0.25,0.00,0.92,M1
897,00:48:27,90.25,90.00,-0.25,0.00,0.92,M1
898,00:48:29,90.25,90.00,-0.25,0.00,0.92,M1
899,00:48:31,90.31,90.00,-0.31,-0.06,0.91,M1
900,00:48:33,90.31,90.00,-0.31,0.00,0.91,M1
901,00:48:35,90.31,90.00,-0.31,0.00,0.91,M1
902,00:48:37,90.31,90.00,-0.31,0.00,0.91,M1
903,00:48:39,90.31,90.00,-0.31,0.00,0.91,M1
904,00:48:41,90.31,90.00,-0.31,0.00,0.91,M1
905,00:48:43,90.31,90.00,-0.31,0.00,0.91,M1
906,00:48:45,90.38,90.00,-0.38,-0.06,0.90,M1
907,00:48:47,90.38,90.00,-0.38,0.00,0.90,M1
908,00:48:49,90.38,90.00,-0.38,0.00,0.90,M1
909,00:48:52,90.38,90.00,-0.38,0.00,0.90,M1
910,00:48:54,90.38,90.00,-0.38,0.00,0.90,M1
911,00:48:56,90.38,90.00,-0.38,0.00,0.90,M1
912,00:48:58,90.38,90.00,-0.38,0.00,0.90,M1
913,00:49:00,90.44,90.00,-0.44,-0.06,0.89,M1
914,00:49:02,90.44,90.00,-0.44,0.00,0.89,M1
915,00:49:04,90.44,90.00,-0.44,0.00,0.89,M1
916,00:49:06,90.44,90.00,-0.44,0.00,0.89,M1
917,00:49:08,90.44,90.00,-0.44,0.00,0.89,M1
918,00:49:10,90.44,90.00,-0.44,0.00,0.89,M1
919,00:49:12,90.44,90.00,-0.44,0.00,0.89,M1
920,00:49:14,90.44,90.00,-0.44,0.00,0.89,M1
921,00:49:16,90.50,90.00,-0.50,-0.06,0.87,M1
922,00:49:18,90.44,90.00,-0.44,0.06,0.89,M1
923,00:49:20,90.50,90.00,-0.50,0.00,0.87,M1
924,00:49:22,90.50,90.00,-0.50,0.00,0.87,M1
925,00:49:24,90.50,90.00,-0.50,0.00,0.87,M1
926,00:49:26,90.50,90.00,-0.50,0.00,0.87,M1
927,00:49:28,90.50,90.00,-0.50,0.00,0.87,M1
928,00:49:30,90.50,90.00,-0.50,0.00,0.87,M1
929,00:49:32,90.50,90.00,-0.50,0.00,0.87,M1
930,00:49:34,90.50,90.00,-0.50,0.00,0.87,M1
931,00:49:36,90.56,90.00,-0.56,-0.06,0.86,M1
932,00:49:38,90.50,90.00,-0.50,0.06,0.87,M1
933,00:49:40,90.56,90.00,-0.56,-0.06,0.86,M1
934,00:49:42,90.56,90.00,-0.56,0.00,0.86,M1
935,00:49:44,90.50,90.00,-0.50,0.06,0.87,M1
936,00:49:46,90.56,90.00,-0.56,-0.06,0.86,M1
937,00:49:48,90.56,90.00,-0.56,0.00,0.86,M1
938,00:49:50,90.56,90.00,-0.56,0.00,0.86,M1
939,00:49:52,90.56,90.00,-0.56,0.00,0.86,M1
940,00:49:54,90.56,90.00,-0.56,0.00,0.86,M1
941,00:49:56,90.56,90.00,-0.56,0.00,0.86,M1
942,00:49:58,90.56,90.00,-0.56,0.00,0.86,M1
943,00:50:00,90.56,90.00,-0.56,0.00,0.86,M1
944,00:50:02,90.62,90.00,-0.62,-0.06,0.85,M1
945,00:50:04,90.56,90.00,-0.56,0.06,0.86,M1
946,00:50:06,90.62,90.00,-0.62,-0.06,0.85,M1
947,00:50:08,90.62,90.00,-0.62,0.00,0.85,M1
948,00:50:10,90.62,90.00,-0.62,0.00,0.85,M1
949,00:50:12,90.62,90.00,-0.62,0.00,0.85,M1
950,00:50:14,90.62,90.00,-0.62,0.00,0.85,M1
951,00:50:16,90.62,90.00,-0.62,0.00,0.85,M1
952,00:50:18,90.62,90.00,-0.62,0.00,0.85,M1
953,00:50:20,90.62,90.00,-0.62,0.00,0.85,M1
954,00:50:22,90.62,90.00,-0.62,0.00,0.85,M1
955,00:50:24,90.62,90.00,-0.62,0.00,0.85,M1
956,00:50:26,90.69,90.00,-0.69,-0.06,0.84,M1
957,00:50:29,90.69,90.00,-0.69,0.00,0.84,M1
958,00:50:31,90.69,90.00,-0.69,0.00,0.84,M1
959,00:50:33,90.69,90.00,-0.69,0.00,0.84,M1
960,00:50:35,90.69,90.00,-0.69,0.00,0.84,M1
961,00:50:37,90.69,90.00,-0.69,0.00,0.84,M1
962,00:50:39,90.69,90.00,-0.69,0.00,0.84,M1
963,00:50:41,90.69,90.00,-0.69,0.00,0.84,M1
964,00:50:43,90.69,90.00,-0.69,0.00,0.84,M1
965,00:50:45,90.69,90.00,-0.69,0.00,0.84,M1
966,00:50:47,90.69,90.00,-0.69,0.00,0.84,M1
967,00:50:49,90.69,90.00,-0.69,0.00,0.84,M1
968,00:50:51,90.69,90.00,-0.69,0.00,0.84,M1
969,00:50:53,90.69,90.00,-0.69,0.00,0.84,M1
970,00:50:55,90.69,90.00,-0.69,0.00,0.84,M1
971,00:50:57,90.69,90.00,-0.69,0.00,0.84,M1
972,00:50:59,90.69,90.00,-0.69,0.00,0.84,M1
973,00:51:01,90.69,90.00,-0.69,0.00,0.84,M1
974,00:51:03,90.69,90.00,-0.69,0.00,0.84,M1
975,00:51:05,90.62,90.00,-0.62,0.06,0.85,M1
976,00:51:07,90.69,90.00,-0.69,-0.06,0.84,M1
977,00:51:09,90.69,90.00,-0.69,0.00,0.84,M1
978,00:51:11,90.69,90.00,-0.69,0.00,0.84,M1
979,00:51:13,90.62,90.00,-0.62,0.06,0.85,M1
980,00:51:15,90.69,90.00,-0.69,-0.06,0.84,M1
981,00:51:17,90.69,90.00,-0.69,0.00,0.84,M1
982,00:51:19,90.62,90.00,-0.62,0.06,0.85,M1
983,00:51:21,90.62,90.00,-0.62,0.00,0.85,M1
984,00:51:23,90.62,90.00,-0.62,0.00,0.85,M1
985,00:51:25,90.62,90.00,-0.62,0.00,0.85,M1
986,00:51:27,90.62,90.00,-0.62,0.00,0.85,M1
987,00:51:29,90.69,90.00,-0.69,-0.06,0.84,M1
988,00:51:31,90.62,90.00,-0.62,0.06,0.85,M1
989,00:51:33,90.62,90.00,-0.62,0.00,0.85,M1
990,00:51:35,90.62,90.00,-0.62,0.00,0.85,M1
991,00:51:37,90.62,90.00,-0.62,0.00,0.85,M1
992,00:51:39,90.62,90.00,-0.62,0.00,0.85,M1
993,00:51:41,90.62,90.00,-0.62,0.00,0.85,M1
994,00:51:43,90.62,90.00,-0.62,0.00,0.85,M1
995,00:51:45,90.62,90.00,-0.62,0.00,0.85,M1
996,00:51:47,90.56,90.00,-0.56,0.06,0.86,M1
997,00:51:49,90.56,90.00,-0.56,0.00,0.86,M1
998,00:51:51,90.56,90.00,-0.56,0.00,0.86,M1
999,00:51:53,90.62,90.00,-0.62,-0.06,0.85,M1
1000,00:51:55,90.56,90.00,-0.56,0.06,0.86,M1
1001,00:51:57,90.56,90.00,-0.56,0.00,0.86,M1
1002,00:51:59,90.56,90.00,-0.56,0.00,0.86,M1
1003,00:52:01,90.56,90.00,-0.56,0.00,0.86,M1
1004,00:52:04,90.56,90.00,-0.56,0.00,0.86,M1
1005,00:52:06,90.56,90.00,-0.56,0.00,0.86,M1
1006,00:52:08,90.56,90.00,-0.56,0.00,0.86,M1
1007,00:52:10,90.56,90.00,-0.56,0.00,0.86,M1
1008,00:52:12,90.56,90.00,-0.56,0.00,0.86,M1
1009,00:52:14,90.56,90.00,-0.56,0.00,0.86,M1
1010,00:52:16,90.56,90.00,-0.56,0.00,0.86,M1
1011,00:52:18,90.56,90.00,-0.56,0.00,0.86,M1
1012,00:52:20,90.56,90.00,-0.56,0.00,0.86,M1
1013,00:52:22,90.56,90.00,-0.56,0.00,0.86,M1
1014,00:52:24,90.50,90.00,-0.50,0.06,0.87,M1
1015,00:52:26,90.50,90.00,-0.50,0.00,0.87,M1
1016,00:52:28,90.50,90.00,-0.50,0.00,0.87,M1
1017,00:52:30,90.50,90.00,-0.50,0.00,0.87,M1
1018,00:52:32,90.50,90.00,-0.50,0.00,0.87,M1
1019,00:52:34,90.50,90.00,-0.50,0.00,0.87,M1
1020,00:52:36,90.50,90.00,-0.50,0.00,0.87,M1
1021,00:52:38,90.50,90.00,-0.50,0.00,0.87,M1
1022,00:52:40,90.50,90.00,-0.50,0.00,0.87,M1
1023,00:52:42,90.50,90.00,-0.50,0.00,0.87,M1
1024,00:52:44,90.50,90.00,-0.50,0.00,0.87,M1
1025,00:52:46,90.44,90.00,-0.44,0.06,0.89,M1
1026,00:52:48,90.50,90.00,-0.50,-0.06,0.87,M1
1027,00:52:50,90.50,90.00,-0.50,0.00,0.87,M1
1028,00:52:52,90.50,90.00,-0.50,0.00,0.87,M1
1029,00:52:54,90.44,90.00,-0.44,0.06,0.89,M1
1030,00:52:56,90.44,90.00,-0.44,0.00,0.89,M1
1031,00:52:58,90.44,90.00,-0.44,0.00,0.89,M1
1032,00:53:00,90.44,90.00,-0.44,0.00,0.89,M1
1033,00:53:02,90.44,90.00,-0.44,0.00,0.89,M1
1034,00:53:04,90.44,90.00,-0.44,0.00,0.89,M1
1035,00:53:06,90.44,90.00,-0.44,0.00,0.89,M1
1036,00:53:08,90.44,90.00,-0.44,0.00,0.89,M1
1037,00:53:10,90.50,90.00,-0.50,-0.06,0.87,M1
1038,00:53:12,90.44,90.00,-0.44,0.06,0.89,M1
1039,00:53:14,90.44,90.00,-0.44,0.00,0.89,M1
1040,00:53:16,90.44,90.00,-0.44,0.00,0.89,M1
1041,00:53:18,90.44,90.00,-0.44,0.00,0.89,M1
1042,00:53:20,90.44,90.00,-0.44,0.00,0.89,M1
1043,00:53:22,90.44,90.00,-0.44,0.00,0.89,M1
1044,00:53:24,90.44,90.00,-0.44,0.00,0.89,M1
1045,00:53:26,90.44,90.00,-0.44,0.00,0.89,M1
1046,00:53:28,90.50,90.00,-0.50,-0.06,0.87,M1
1047,00:53:30,90.44,90.00,-0.44,0.06,0.89,M1
1048,00:53:32,90.44,90.00,-0.44,0.00,0.89,M1
1049,00:53:34,90.44,90.00,-0.44,0.00,0.89,M1
1050,00:53:36,90.44,90.00,-0.44,0.00,0.89,M1
1051,00:53:38,90.44,90.00,-0.44,0.00,0.89,M1
1052,00:53:41,90.44,90.00,-0.44,0.00,0.89,M1
1053,00:53:43,90.44,90.00,-0.44,0.00,0.89,M1
1054,00:53:45,90.44,90.00,-0.44,0.00,0.89,M1
1055,00:53:47,90.44,90.00,-0.44,0.00,0.89,M1
1056,00:53:49,90.44,90.00,-0.44,0.00,0.89,M1
1057,00:53:51,90.44,90.00,-0.44,0.00,0.89,M1
1058,00:53:53,90.38,90.00,-0.38,0.06,0.90,M1
1059,00:53:55,90.38,90.00,-0.38,0.00,0.90,M1
1060,00:53:57,90.38,90.00,-0.38,0.00,0.90,M1
1061,00:53:59,90.38,90.00,-0.38,0.00,0.90,M1
1062,00:54:01,90.38,90.00,-0.38,0.00,0.90,M1
1063,00:54:03,90.38,90.00,-0.38,0.00,0.90,M1
1064,00:54:05,90.38,90.00,-0.38,0.00,0.90,M1
1065,00:54:07,90.44,90.00,-0.44,-0.06,0.89,M1
1066,00:54:09,90.38,90.00,-0.38,0.06,0.90,M1
1067,00:54:11,90.38,90.00,-0.38,0.00,0.90,M1
1068,00:54:13,90.38,90.00,-0.38,0.00,0.90,M1
1069,00:54:15,90.38,90.00,-0.38,0.00,0.90,M1
1070,00:54:17,90.38,90.00,-0.38,0.00,0.90,M1
1071,00:54:19,90.38,90.00,-0.38,0.00,0.90,M1
1072,00:54:21,90.38,90.00,-0.38,0.00,0.90,M1
1073,00:54:23,90.38,90.00,-0.38,0.00,0.90,M1
1074,00:54:25,90.31,90.00,-0.31,0.06,0.91,M1
1075,00:54:27,90.38,90.00,-0.38,-0.06,0.90,M1
1076,00:54:29,90.31,90.00,-0.31,0.06,0.91,M1
1077,00:54:31,90.38,90.00,-0.38,-0.06,0.90,M1
1078,00:54:33,90.31,90.00,-0.31,0.06,0.91,M1
1079,00:54:35,90.38,90.00,-0.38,-0.06,0.90,M1
1080,00:54:37,90.31,90.00,-0.31,0.06,0.91,M1
1081,00:54:39,90.38,90.00,-0.38,-0.06,0.90,M1
1082,00:54:41,90.31,90.00,-0.31,0.06,0.91,M1
1083,00:54:43,90.31,90.00,-0.31,0.00,0.91,M1
1084,00:54:45,90.31,90.00,-0.31,0.00,0.91,M1
1085,00:54:47,90.31,90.00,-0.31,0.00,0.91,M1
1086,00:54:49,90.31,90.00,-0.31,0.00,0.91,M1
1087,00:54:51,90.31,90.00,-0.31,0.00,0.91,M1
1088,00:54:53,90.31,90.00,-0.31,0.00,0.91,M1
1089,00:54:55,90.31,90.00,-0.31,0.00,0.91,M1
1090,00:54:57,90.31,90.00,-0.31,0.00,0.91,M1
1091,00:54:59,90.31,90.00,-0.31,0.00,0.91,M1
1092,00:55:01,90.31,90.00,-0.31,0.00,0.91,M1
1093,00:55:03,90.31,90.00,-0.31,0.00,0.91,M1
1094,00:55:05,90.31,90.00,-0.31,0.00,0.91,M1
1095,00:55:07,90.31,90.00,-0.31,0.00,0.91,M1
1096,00:55:09,90.31,90.00,-0.31,0.00,0.91,M1
1097,00:55:11,90.25,90.00,-0.25,0.06,0.92,M1
1098,00:55:13,90.31,90.00,-0.31,-0.06,0.91,M1
1099,00:55:15,90.31,90.00,-0.31,0.00,0.91,M1
1100,00:55:18,90.31,90.00,-0.31,0.00,0.91,M1
1101,00:55:20,90.31,90.00,-0.31,0.00,0.91,M1
1102,00:55:22,90.25,90.00,-0.25,0.06,0.92,M1
1103,00:55:24,90.31,90.00,-0.31,-0.06,0.91,M1
1104,00:55:26,90.31,90.00,-0.31,0.00,0.91,M1
1105,00:55:28,90.25,90.00,-0.25,0.06,0.92,M1
1106,00:55:30,90.31,90.00,-0.31,-0.06,0.91,M1
1107,00:55:32,90.31,90.00,-0.31,0.00,0.91,M1
1108,00:55:34,90.25,90.00,-0.25,0.06,0.92,M1
1109,00:55:36,90.31,90.00,-0.31,-0.06,0.91,M1
1110,00:55:38,90.25,90.00,-0.25,0.06,0.92,M1
1111,00:55:40,90.25,90.00,-0.25,0.00,0.92,M1
1112,00:55:42,90.25,90.00,-0.25,0.00,0.92,M1
1113,00:55:44,90.31,90.00,-0.31,0.00,0.91,M1
1114,00:55:46,90.31,90.00,-0.31,0.00,0.91,M1
1115,00:55:48,90.31,90.00,-0.31,0.00,0.91,M1
1116,00:55:50,90.25,90.00,-0.25,0.06,0.92,M1
1117,00:55:52,90.25,90.00,-0.25,0.00,0.92,M1
1118,00:55:54,90.25,90.00,-0.25,0.00,0.92,M1
1119,00:55:56,90.25,90.00,-0.25,0.00,0.92,M1
1120,00:55:58,90.25,90.00,-0.25,0.00,0.92,M1
1121,00:56:00,90.25,90.00,-0.25,0.00,0.92,M1
1122,00:56:02,90.19,90.00,-0.19,0.06,0.94,M1
1123,00:56:04,90.25,90.00,-0.25,-0.06,0.92,M1
1124,00:56:06,90.25,90.00,-0.25,0.00,0.92,M1
1125,00:56:08,90.25,90.00,-0.25,0.00,0.92,M1
1126,00:56:10,90.19,90.00,-0.19,0.06,0.94,M1
1127,00:56:12,90.19,90.00,-0.19,0.00,0.93,M1
1128,00:56:14,90.19,90.00,-0.19,0.00,0.93,M1
1129,00:56:16,90.19,90.00,-0.19,0.00,0.93,M1
1130,00:56:18,90.19,90.00,-0.19,0.00,0.93,M1
1131,00:56:20,90.19,90.00,-0.19,0.00,0.93,M1
1132,00:56:22,90.19,90.00,-0.19,0.00,0.93,M1
1133,00:56:24,90.19,90.00,-0.19,0.00,0.93,M1
1134,00:56:26,90.19,90.00,-0.19,0.00,0.93,M1
1135,00:56:28,90.19,90.00,-0.19,0.00,0.93,M1
1136,00:56:30,90.19,90.00,-0.19,0.00,0.93,M1
1137,00:56:32,90.19,90.00,-0.19,0.00,0.93,M1
1138,00:56:34,90.19,90.00,-0.19,0.00,0.93,M1
1139,00:56:36,90.19,90.00,-0.19,0.00,0.93,M1
1140,00:56:38,90.19,90.00,-0.19,0.00,0.93,M1
1141,00:56:40,90.12,90.00,-0.12,0.06,0.95,M1
1142,00:56:42,90.12,90.00,-0.12,0.00,0.94,M1
1143,00:56:44,90.19,90.00,-0.19,-0.06,0.94,M1
1144,00:56:46,90.12,90.00,-0.12,0.06,0.95,M1
1145,00:56:48,90.12,90.00,-0.12,0.00,0.94,M1
1146,00:56:50,90.12,90.00,-0.12,0.00,0.94,M1
1147,00:56:52,90.12,90.00,-0.12,0.00,0.94,M1
1148,00:56:55,90.12,90.00,-0.12,0.00,0.94,M1
1149,00:56:57,90.12,90.00,-0.12,0.00,0.94,M1
1150,00:56:59,90.12,90.00,-0.12,0.00,0.94,M1
1151,00:57:01,90.12,90.00,-0.12,0.00,0.94,M1
1152,00:57:03,90.12,90.00,-0.12,0.00,0.94,M1
1153,00:57:05,90.12,90.00,-0.12,0.00,0.94,M1
1154,00:57:07,90.12,90.00,-0.12,0.00,0.94,M1
1155,00:57:09,90.12,90.00,-0.12,0.00,0.94,M1
1156,00:57:11,90.12,90.00,-0.12,0.00,0.94,M1
1157,00:57:13,90.12,90.00,-0.12,0.00,0.94,M1
1158,00:57:15,90.12,90.00,-0.12,0.00,0.94,M1
1159,00:57:17,90.12,90.00,-0.12,0.00,0.94,M1
1160,00:57:19,90.12,90.00,-0.12,0.00,0.94,M1
1161,00:57:21,90.12,90.00,-0.12,0.00,0.94,M1
1162,00:57:23,90.06,90.00,-0.06,0.06,0.96,M1
1163,00:57:25,90.06,90.00,-0.06,0.00,0.95,M1
1164,00:57:27,90.06,90.00,-0.06,0.00,0.95,M1
1165,00:57:29,90.06,90.00,-0.06,0.00,0.95,M1
1166,00:57:31,90.06,90.00,-0.06,0.00,0.95,M1
1167,00:57:33,90.06,90.00,-0.06,0.00,0.95,M1
1168,00:57:35,90.06,90.00,-0.06,0.00,0.95,M1
1169,00:57:37,90.06,90.00,-0.06,0.00,0.95,M1
1170,00:57:39,90.06,90.00,-0.06,0.00,0.95,M1
1171,00:57:41,90.00,90.00,0.00,0.06,1.00,M1
1172,00:57:43,90.06,90.00,-0.06,-0.06,0.96,M1
1173,00:57:45,90.00,90.00,0.00,0.06,1.00,M1
1174,00:57:47,90.00,90.00,0.00,0.00,1.00,M1
1175,00:57:49,90.00,90.00,0.00,0.00,1.00,M1
1176,00:57:51,90.00,90.00,0.00,0.00,1.00,M1
1177,00:57:53,90.00,90.00,0.00,0.00,1.00,M1
1178,00:57:55,90.00,90.00,0.00,0.00,1.00,M1
1179,00:57:57,90.00,90.00,0.00,0.00,1.00,M1
1180,00:57:59,90.00,90.00,0.00,0.00,1.00,M1
1181,00:58:01,90.00,90.00,0.00,0.00,1.00,M1
1182,00:58:03,90.00,90.00,0.00,0.00,1.00,M1
1183,00:58:05,90.00,90.00,0.00,0.00,1.00,M1
1184,00:58:07,90.00,90.00,0.00,0.00,1.00,M1
1185,00:58:09,90.00,90.00,0.00,0.00,1.00,M1
1186,00:58:11,90.00,90.00,0.00,0.00,1.00,M1
1187,00:58:13,90.00,90.00,0.00,0.00,1.00,M1
1188,00:58:15,90.00,90.00,0.00,0.00,1.00,M1
1189,00:58:17,89.94,90.00,0.06,0.06,1.03,M1
1190,00:58:19,90.00,90.00,0.00,-0.06,1.00,M1
1191,00:58:21,90.00,90.00,0.00,0.00,1.00,M1
1192,00:58:23,90.00,90.00,0.00,0.00,1.00,M1
1193,00:58:25,90.00,90.00,0.00,0.00,1.00,M1
1194,00:58:27,90.00,90.00,0.00,0.00,1.00,M1
1195,00:58:29,90.00,90.00,0.00,0.00,1.00,M1
1196,00:58:32,90.00,90.00,0.00,0.00,1.00,M1
1197,00:58:34,90.00,90.00,0.00,0.00,1.00,M1
1198,00:58:36,89.94,90.00,0.06,0.06,1.03,M1
1199,00:58:38,90.00,90.00,0.00,-0.06,1.00,M1
1200,00:58:40,89.94,90.00,0.06,0.06,1.03,M1
1201,00:58:42,90.00,90.00,0.00,-0.06,1.00,M1
1202,00:58:44,90.00,90.00,0.00,0.00,1.00,M1
1203,00:58:46,90.00,90.00,0.00,0.00,1.00,M1
1204,00:58:48,89.94,90.00,0.06,0.06,1.03,M1
1205,00:58:50,89.94,90.00,0.06,0.00,1.05,M1
1206,00:58:52,89.94,90.00,0.06,0.00,1.05,M1
1207,00:58:54,89.94,90.00,0.06,0.00,1.05,M1
1208,00:58:56,89.94,90.00,0.06,0.00,1.05,M1
1209,00:58:58,90.00,90.00,0.00,0.00,1.00,M1
1210,00:59:00,89.94,90.00,0.06,0.06,1.03,M1
1211,00:59:02,89.94,90.00,0.06,0.00,1.05,M1
1212,00:59:04,89.94,90.00,0.06,0.00,1.05,M1
1213,00:59:06,89.94,90.00,0.06,0.00,1.05,M1
1214,00:59:08,89.94,90.00,0.06,0.00,1.05,M1
1215,00:59:10,89.94,90.00,0.06,0.00,1.05,M1
1216,00:59:12,90.00,90.00,0.00,-0.06,1.00,M1
1217,00:59:14,90.00,90.00,0.00,0.00,1.00,M1
1218,00:59:16,90.00,90.00,0.00,0.00,1.00,M1
1219,00:59:18,90.00,90.00,0.00,0.00,1.00,M1
1220,00:59:20,90.00,90.00,0.00,0.00,1.00,M1
1221,00:59:22,90.00,90.00,0.00,0.00,1.00,M1
1222,00:59:24,90.00,90.00,0.00,0.00,1.00,M1
1223,00:59:26,90.00,90.00,0.00,0.00,1.00,M1
1224,00:59:28,90.00,90.00,0.00,0.00,1.00,M1
1225,00:59:30,90.00,90.00,0.00,0.00,1.00,M1
1226,00:59:32,90.00,90.00,0.00,0.00,1.00,M1
1227,00:59:34,90.00,90.00,0.00,0.00,1.00,M1
1228,00:59:36,89.94,90.00,0.06,0.06,1.03,M1
1229,00:59:38,90.00,90.00,0.00,-0.06,1.00,M1
1230,00:59:40,90.00,90.00,0.00,0.00,1.00,M1
1231,00:59:42,90.00,90.00,0.00,0.00,1.00,M1
1232,00:59:44,90.00,90.00,0.00,0.00,1.00,M1
1233,00:59:46,90.00,90.00,0.00,0.00,1.00,M1
1234,00:59:48,90.00,90.00,0.00,0.00,1.00,M1
1235,00:59:50,90.00,90.00,0.00,0.00,1.00,M1
1236,00:59:52,90.00,90.00,0.00,0.00,1.00,M1
1237,00:59:54,90.00,90.00,0.00,0.00,1.00,M1
1238,00:59:56,90.00,90.00,0.00,0.00,1.00,M1
1239,00:59:58,90.00,90.00,0.00,0.00,1.00,M1
1240,01:00:00,90.00,90.00,0.00,0.00,1.00,M1
1241,01:00:02,90.00,90.00,0.00,0.00,1.00,M1
1242,01:00:04,90.00,90.00,0.00,0.00,1.00,M1
1243,01:00:06,90.00,90.00,0.00,0.00,1.00,M1
1244,01:00:08,90.00,90.00,0.00,0.00,1.00,M1
1245,01:00:11,90.00,90.00,0.00,0.00,1.00,M1
1246,01:00:13,90.00,90.00,0.00,0.00,1.00,M1
1247,01:00:15,90.00,90.00,0.00,0.00,1.00,M1
1248,01:00:17,90.00,90.00,0.00,0.00,1.00,M1
1249,01:00:19,90.06,90.00,-0.06,-0.06,0.96,M1
1250,01:00:21,90.00,90.00,0.00,0.06,1.00,M1
1251,01:00:23,90.06,90.00,-0.06,-0.06,0.96,M1
1252,01:00:25,90.00,90.00,0.00,0.06,1.00,M1
1253,01:00:27,90.06,90.00,-0.06,-0.06,0.96,M1
1254,01:00:29,90.06,90.00,-0.06,0.00,0.95,M1
1255,01:00:31,90.00,90.00,0.00,0.06,1.00,M1
1256,01:00:33,90.06,90.00,-0.06,-0.06,0.96,M1
1257,01:00:35,90.06,90.00,-0.06,0.00,0.95,M1
1258,01:00:37,90.00,90.00,0.00,0.06,1.00,M1
1259,01:00:39,90.06,90.00,-0.06,-0.06,0.96,M1
1260,01:00:41,90.06,90.00,-0.06,0.00,0.95,M1
1261,01:00:43,90.06,90.00,-0.06,0.00,0.95,M1
1262,01:00:45,90.06,90.00,-0.06,0.00,0.95,M1
1263,01:00:47,90.06,90.00,-0.06,0.00,0.95,M1
1264,01:00:49,90.06,90.00,-0.06,0.00,0.95,M1
1265,01:00:51,90.06,90.00,-0.06,0.00,0.95,M1
1266,01:00:53,90.06,90.00,-0.06,0.00,0.95,M1
1267,01:00:55,90.06,90.00,-0.06,0.00,0.95,M1
1268,01:00:57,90.06,90.00,-0.06,0.00,0.95,M1
1269,01:00:59,90.06,90.00,-0.06,0.00,0.95,M1
1270,01:01:01,90.06,90.00,-0.06,0.00,0.95,M1
1271,01:01:03,90.06,90.00,-0.06,0.00,0.95,M1
1272,01:01:05,90.06,90.00,-0.06,0.00,0.95,M1
1273,01:01:07,90.06,90.00,-0.06,0.00,0.95,M1
1274,01:01:09,90.06,90.00,-0.06,0.00,0.95,M1
1275,01:01:11,90.06,90.00,-0.06,0.00,0.95,M1
1276,01:01:13,90.12,90.00,-0.12,-0.06,0.95,M1
1277,01:01:15,90.12,90.00,-0.12,0.00,0.94,M1
1278,01:01:17,90.06,90.00,-0.06,0.06,0.96,M1
1279,01:01:19,90.06,90.00,-0.06,0.00,0.95,M1
1280,01:01:21,90.12,90.00,-0.12,-0.06,0.95,M1
1281,01:01:23,90.12,90.00,-0.12,0.00,0.94,M1
1282,01:01:25,90.06,90.00,-0.06,0.06,0.96,M1
1283,01:01:27,90.12,90.00,-0.12,-0.06,0.95,M1
1284,01:01:29,90.12,90.00,-0.12,0.00,0.94,M1
1285,01:01:31,90.12,90.00,-0.12,0.00,0.94,M1
1286,01:01:33,90.12,90.00,-0.12,0.00,0.94,M1
1287,01:01:35,90.12,90.00,-0.12,0.00,0.94,M1
1288,01:01:37,90.12,90.00,-0.12,0.00,0.94,M1
1289,01:01:40,90.06,90.00,-0.06,0.06,0.96,M1
1290,01:01:42,90.06,90.00,-0.06,0.00,0.95,M1
1291,01:01:44,90.12,90.00,-0.12,-0.06,0.95,M1
1292,01:01:46,90.12,90.00,-0.12,0.00,0.94,M1
1293,01:01:48,90.12,90.00,-0.12,0.00,0.94,M1
1294,01:01:50,90.12,90.00,-0.12,0.00,0.94,M1
1295,01:01:52,90.12,90.00,-0.12,0.00,0.94,M1
1296,01:01:54,90.06,90.00,-0.06,0.06,0.96,M1
1297,01:01:56,90.12,90.00,-0.12,-0.06,0.95,M1
1298,01:01:58,90.06,90.00,-0.06,0.06,0.96,M1
1299,01:02:00,90.06,90.00,-0.06,0.00,0.95,M1
1300,01:02:02,90.06,90.00,-0.06,0.00,0.95,M1
1301,01:02:04,90.06,90.00,-0.06,0.00,0.95,M1
1302,01:02:06,90.12,90.00,-0.12,-0.06,0.95,M1
1303,01:02:08,90.06,90.00,-0.06,0.06,0.96,M1
1304,01:02:10,90.06,90.00,-0.06,0.00,0.95,M1
1305,01:02:12,90.06,90.00,-0.06,0.00,0.95,M1
1306,01:02:14,90.06,90.00,-0.06,0.00,0.95,M1
1307,01:02:16,90.06,90.00,-0.06,0.00,0.95,M1
1308,01:02:18,90.06,90.00,-0.06,0.00,0.95,M1
1309,01:02:20,90.06,90.00,-0.06,0.00,0.95,M1
1310,01:02:22,90.06,90.00,-0.06,0.00,0.95,M1
1311,01:02:24,90.06,90.00,-0.06,0.00,0.95,M1
1312,01:02:26,90.06,90.00,-0.06,0.00,0.95,M1
1313,01:02:28,90.06,90.00,-0.06,0.00,0.95,M1
1314,01:02:30,90.06,90.00,-0.06,0.00,0.95,M1
1315,01:02:32,90.12,90.00,-0.12,-0.06,0.95,M1
1316,01:02:34,90.06,90.00,-0.06,0.06,0.96,M1
1317,01:02:36,90.06,90.00,-0.06,0.00,0.95,M1
1318,01:02:38,90.12,90.00,-0.12,-0.06,0.95,M1
1319,01:02:40,90.12,90.00,-0.12,0.00,0.94,M1
1320,01:02:42,90.06,90.00,-0.06,0.06,0.96,M1
1321,01:02:44,90.06,90.00,-0.06,0.00,0.95,M1
1322,01:02:46,90.12,90.00,-0.12,-0.06,0.95,M1
1323,01:02:48,90.12,90.00,-0.12,0.00,0.94,M1
1324,01:02:50,90.12,90.00,-0.12,0.00,0.94,M1
1325,01:02:52,90.12,90.00,-0.12,0.00,0.94,M1
1326,01:02:54,90.12,90.00,-0.12,0.00,0.94,M1
1327,01:02:56,90.12,90.00,-0.12,0.00,0.94,M1
1328,01:02:58,90.06,90.00,-0.06,0.06,0.96,M1
1329,01:03:00,90.06,90.00,-0.06,0.00,0.95,M1
1330,01:03:02,90.06,90.00,-0.06,0.00,0.95,M1
1331,01:03:04,90.06,90.00,-0.06,0.00,0.95,M1
1332,01:03:06,90.06,90.00,-0.06,0.00,0.95,M1
1333,01:03:08,90.06,90.00,-0.06,0.00,0.95,M1
1334,01:03:10,90.06,90.00,-0.06,0.00,0.95,M1
1335,01:03:12,90.06,90.00,-0.06,0.00,0.95,M1
1336,01:03:14,90.00,90.00,0.00,0.06,1.00,M1
1337,01:03:17,90.06,90.00,-0.06,-0.06,0.96,M1
1338,01:03:19,90.00,90.00,0.00,0.06,1.00,M1
1339,01:03:21,90.00,90.00,0.00,0.00,1.00,M1
1340,01:03:23,90.00,90.00,0.00,0.00,1.00,M1
1341,01:03:25,90.00,90.00,0.00,0.00,1.00,M1
1342,01:03:27,90.00,90.00,0.00,0.00,1.00,M1
1343,01:03:29,90.00,90.00,0.00,0.00,1.00,M1
1344,01:03:31,90.00,90.00,0.00,0.00,1.00,M1
1345,01:03:33,90.00,90.00,0.00,0.00,1.00,M1
1346,01:03:35,90.00,90.00,0.00,0.00,1.00,M1
1347,01:03:37,90.00,90.00,0.00,0.00,1.00,M1
1348,01:03:39,90.00,90.00,0.00,0.00,1.00,M1
1349,01:03:41,90.00,90.00,0.00,0.00,1.00,M1
1350,01:03:43,90.00,90.00,0.00,0.00,1.00,M1
1351,01:03:45,89.94,90.00,0.06,0.06,1.03,M1
1352,01:03:47,89.94,90.00,0.06,0.00,1.05,M1
1353,01:03:49,90.00,90.00,0.00,-0.06,1.00,M1
1354,01:03:51,90.00,90.00,0.00,0.00,1.00,M1
1355,01:03:53,89.94,90.00,0.06,0.06,1.03,M1
1356,01:03:55,89.94,90.00,0.06,0.00,1.05,M1
1357,01:03:57,89.94,90.00,0.06,0.00,1.05,M1
1358,01:03:59,89.94,90.00,0.06,0.00,1.05,M1
1359,01:04:01,89.94,90.00,0.06,0.00,1.05,M1
1360,01:04:03,89.94,90.00,0.06,0.00,1.05,M1
1361,01:04:05,89.94,90.00,0.06,0.00,1.05,M1
1362,01:04:07,89.94,90.00,0.06,0.00,1.05,M1
1363,01:04:09,89.94,90.00,0.06,0.00,1.05,M1
1364,01:04:11,89.94,90.00,0.06,0.00,1.05,M1
1365,01:04:13,89.94,90.00,0.06,0.00,1.05,M1
1366,01:04:15,89.94,90.00,0.06,0.00,1.05,M1
1367,01:04:17,89.94,90.00,0.06,0.00,1.05,M1
1368,01:04:19,89.94,90.00,0.06,0.00,1.05,M1
1369,01:04:21,89.94,90.00,0.06,0.00,1.05,M1
1370,01:04:23,89.94,90.00,0.06,0.00,1.05,M1
1371,01:04:25,89.94,90.00,0.06,0.00,1.05,M1
1372,01:04:27,89.94,90.00,0.06,0.00,1.05,M1
1373,01:04:29,89.94,90.00,0.06,0.00,1.05,M1
1374,01:04:31,89.94,90.00,0.06,0.00,1.05,M1
1375,01:04:33,89.94,90.00,0.06,0.00,1.05,M1
1376,01:04:35,89.94,90.00,0.06,0.00,1.05,M1
1377,01:04:37,89.94,90.00,0.06,0.00,1.05,M1
1378,01:04:39,89.94,90.00,0.06,0.00,1.05,M1
1379,01:04:41,89.94,90.00,0.06,0.00,1.05,M1
1380,01:04:43,89.94,90.00,0.06,0.00,1.05,M1
1381,01:04:45,90.00,90.00,0.00,-0.06,1.00,M1
1382,01:04:47,89.94,90.00,0.06,0.06,1.03,M1
1383,01:04:49,90.00,90.00,0.00,-0.06,1.00,M1
1384,01:04:51,89.94,90.00,0.06,0.06,1.03,M1
1385,01:04:54,89.94,90.00,0.06,0.00,1.05,M1
1386,01:04:56,90.00,90.00,0.00,-0.06,1.00,M1
1387,01:04:58,89.94,90.00,0.06,0.06,1.03,M1
1388,01:05:00,89.94,90.00,0.06,0.00,1.05,M1
1389,01:05:02,90.00,90.00,0.00,-0.06,1.00,M1
1390,01:05:04,89.94,90.00,0.06,0.06,1.03,M1
1391,01:05:06,89.94,90.00,0.06,0.00,1.05,M1
1392,01:05:08,89.94,90.00,0.06,0.00,1.05,M1
1393,01:05:10,89.94,90.00,0.06,0.00,1.05,M1
1394,01:05:12,90.00,90.00,0.00,-0.06,1.00,M1
1395,01:05:14,89.94,90.00,0.06,0.06,1.03,M1
1396,01:05:16,89.94,90.00,0.06,0.00,1.05,M1
1397,01:05:18,89.94,90.00,0.06,0.00,1.05,M1
1398,01:05:20,89.94,90.00,0.06,0.00,1.05,M1
1399,01:05:22,89.94,90.00,0.06,0.00,1.05,M1
1400,01:05:24,89.94,90.00,0.06,0.00,1.05,M1
1401,01:05:26,89.94,90.00,0.06,0.00,1.05,M1
1402,01:05:28,89.94,90.00,0.06,0.00,1.05,M1
1403,01:05:30,89.94,90.00,0.06,0.00,1.05,M1
1404,01:05:32,89.94,90.00,0.06,0.00,1.05,M1
1405,01:05:34,89.94,90.00,0.06,0.00,1.05,M1
1406,01:05:36,89.94,90.00,0.06,0.00,1.05,M1
1407,01:05:38,89.94,90.00,0.06,0.00,1.05,M1
1408,01:05:40,89.94,90.00,0.06,0.00,1.05,M1
1409,01:05:42,89.88,90.00,0.12,0.06,1.04,M1
1410,01:05:44,89.94,90.00,0.06,-0.06,1.03,M1
1411,01:05:46,89.94,90.00,0.06,0.00,1.05,M1
1412,01:05:48,89.94,90.00,0.06,0.00,1.05,M1
1413,01:05:50,89.94,90.00,0.06,0.00,1.05,M1
1414,01:05:52,89.88,90.00,0.12,0.06,1.04,M1
1415,01:05:54,89.88,90.00,0.12,0.00,1.05,M1
1416,01:05:56,89.88,90.00,0.12,0.00,1.05,M1
1417,01:05:58,89.94,90.00,0.06,-0.06,1.03,M1
1418,01:06:00,89.94,90.00,0.06,0.00,1.05,M1
1419,01:06:02,89.94,90.00,0.06,0.00,1.05,M1
1420,01:06:04,89.94,90.00,0.06,0.00,1.05,M1
1421,01:06:06,89.94,90.00,0.06,0.00,1.05,M1
1422,01:06:08,89.94,90.00,0.06,0.00,1.05,M1
1423,01:06:10,89.94,90.00,0.06,0.00,1.05,M1
1424,01:06:12,89.94,90.00,0.06,0.00,1.05,M1
1425,01:06:14,89.94,90.00,0.06,0.00,1.05,M1
1426,01:06:16,89.94,90.00,0.06,0.00,1.05,M1
1427,01:06:18,89.94,90.00,0.06,0.00,1.05,M1
1428,01:06:20,89.94,90.00,0.06,0.00,1.05,M1
1429,01:06:22,89.94,90.00,0.06,0.00,1.05,M1
1430,01:06:24,89.94,90.00,0.06,0.00,1.05,M1
1431,01:06:26,89.94,90.00,0.06,0.00,1.05,M1
1432,01:06:28,89.94,90.00,0.06,0.00,1.05,M1
1433,01:06:31,90.00,90.00,0.00,-0.06,1.00,M1
1434,01:06:33,90.00,90.00,0.00,0.00,1.00,M1
1435,01:06:35,89.94,90.00,0.06,0.06,1.03,M1
1436,01:06:37,90.00,90.00,0.00,-0.06,1.00,M1
1437,01:06:39,89.94,90.00,0.06,0.06,1.03,M1
1438,01:06:41,89.94,90.00,0.06,0.00,1.05,M1
1439,01:06:43,90.00,90.00,0.00,-0.06,1.00,M1
1440,01:06:45,90.00,90.00,0.00,0.00,1.00,M1
1441,01:06:47,90.00,90.00,0.00,0.00,1.00,M1
1442,01:06:49,90.00,90.00,0.00,0.00,1.00,M1
1443,01:06:51,90.00,90.00,0.00,0.00,1.00,M1
1444,01:06:53,90.00,90.00,0.00,0.00,1.00,M1
1445,01:06:55,89.94,90.00,0.06,0.06,1.03,M1
1446,01:06:57,90.00,90.00,0.00,-0.06,1.00,M1
1447,01:06:59,90.00,90.00,0.00,0.00,1.00,M1
1448,01:07:01,90.00,90.00,0.00,0.00,1.00,M1
1449,01:07:03,90.00,90.00,0.00,0.00,1.00,M1
1450,01:07:05,90.00,90.00,0.00,0.00,1.00,M1
1451,01:07:07,90.00,90.00,0.00,0.00,1.00,M1
1452,01:07:09,90.00,90.00,0.00,0.00,1.00,M1
1453,01:07:11,90.00,90.00,0.00,0.00,1.00,M1
1454,01:07:13,90.00,90.00,0.00,0.00,1.00,M1
1455,01:07:15,90.00,90.00,0.00,0.00,1.00,M1
1456,01:07:17,90.00,90.00,0.00,0.00,1.00,M1
1457,01:07:19,90.00,90.00,0.00,0.00,1.00,M1
1458,01:07:21,90.00,90.00,0.00,0.00,1.00,M1
1459,01:07:23,90.00,90.00,0.00,0.00,1.00,M1
1460,01:07:25,90.00,90.00,0.00,0.00,1.00,M1
1461,01:07:27,90.00,90.00,0.00,0.00,1.00,M1
1462,01:07:29,90.00,90.00,0.00,0.00,1.00,M1
1463,01:07:31,90.00,90.00,0.00,0.00,1.00,M1
1464,01:07:33,90.00,90.00,0.00,0.00,1.00,M1
1465,01:07:35,90.00,90.00,0.00,0.00,1.00,M1
1466,01:07:37,90.00,90.00,0.00,0.00,1.00,M1
1467,01:07:39,90.06,90.00,-0.06,-0.06,0.96,M1
1468,01:07:41,90.00,90.00,0.00,0.06,1.00,M1
1469,01:07:43,90.00,90.00,0.00,0.00,1.00,M1
1470,01:07:45,90.06,90.00,-0.06,-0.06,0.96,M1
1471,01:07:47,90.06,90.00,-0.06,0.00,0.95,M1
1472,01:07:49,90.00,90.00,0.00,0.06,1.00,M1
1473,01:07:51,90.06,90.00,-0.06,-0.06,0.96,M1
1474,01:07:53,90.06,90.00,-0.06,0.00,0.95,M1
1475,01:07:55,90.00,90.00,0.00,0.06,1.00,M1
1476,01:07:57,90.00,90.00,0.00,0.00,1.00,M1
1477,01:07:59,90.00,90.00,0.00,0.00,1.00,M1
1478,01:08:01,90.00,90.00,0.00,0.00,1.00,M1
1479,01:08:03,90.00,90.00,0.00,0.00,1.00,M1
1480,01:08:06,90.00,90.00,0.00,0.00,1.00,M1
1481,01:08:08,90.00,90.00,0.00,0.00,1.00,M1
1482,01:08:10,90.06,90.00,-0.06,-0.06,0.96,M1
1483,01:08:12,90.00,90.00,0.00,0.06,1.00,M1
1484,01:08:14,90.06,90.00,-0.06,-0.06,0.96,M1
1485,01:08:16,90.06,90.00,-0.06,0.00,0.95,M1
1486,01:08:18,90.00,90.00,0.00,0.06,1.00,M1
1487,01:08:20,90.00,90.00,0.00,0.00,1.00,M1
1488,01:08:22,90.00,90.00,0.00,0.00,1.00,M1
1489,01:08:24,90.00,90.00,0.00,0.00,1.00,M1
1490,01:08:26,90.00,90.00,0.00,0.00,1.00,M1
1491,01:08:28,90.00,90.00,0.00,0.00,1.00,M1
1492,01:08:30,90.06,90.00,-0.06,-0.06,0.96,M1
1493,01:08:32,90.06,90.00,-0.06,0.00,0.95,M1
1494,01:08:34,90.06,90.00,-0.06,0.00,0.95,M1
1495,01:08:36,90.06,90.00,-0.06,0.00,0.95,M1
1496,01:08:38,90.06,90.00,-0.06,0.00,0.95,M1
1497,01:08:40,90.06,90.00,-0.06,0.00,0.95,M1
1498,01:08:42,90.06,90.00,-0.06,0.00,0.95,M1
1499,01:08:44,90.06,90.00,-0.06,0.00,0.95,M1
1500,01:08:46,90.06,90.00,-0.06,0.00,0.95,M1
1501,01:08:48,90.06,90.00,-0.06,0.00,0.95,M1
1502,01:08:50,90.06,90.00,-0.06,0.00,0.95,M1
1503,01:08:52,90.06,90.00,-0.06,0.00,0.95,M1
1504,01:08:54,90.06,90.00,-0.06,0.00,0.95,M1
1505,01:08:56,90.06,90.00,-0.06,0.00,0.95,M1
1506,01:08:58,90.06,90.00,-0.06,0.00,0.95,M1
1507,01:09:00,90.12,90.00,-0.12,-0.06,0.95,M1
1508,01:09:02,90.06,90.00,-0.06,0.06,0.96,M1
1509,01:09:04,90.06,90.00,-0.06,0.00,0.95,M1
1510,01:09:06,90.06,90.00,-0.06,0.00,0.95,M1
1511,01:09:08,90.06,90.00,-0.06,0.00,0.95,M1
1512,01:09:10,90.12,90.00,-0.12,-0.06,0.95,M1
1513,01:09:12,90.06,90.00,-0.06,0.06,0.96,M1
1514,01:09:14,90.06,90.00,-0.06,0.00,0.95,M1
1515,01:09:16,90.06,90.00,-0.06,0.00,0.95,M1
1516,01:09:18,90.06,90.00,-0.06,0.00,0.95,M1
1517,01:09:20,90.06,90.00,-0.06,0.00,0.95,M1
1518,01:09:22,90.06,90.00,-0.06,0.00,0.95,M1
1519,01:09:24,90.06,90.00,-0.06,0.00,0.95,M1
1520,01:09:26,90.12,90.00,-0.12,-0.06,0.95,M1
1521,01:09:28,90.06,90.00,-0.06,0.06,0.96,M1
1522,01:09:30,90.06,90.00,-0.06,0.00,0.95,M1
1523,01:09:32,90.06,90.00,-0.06,0.00,0.95,M1
1524,01:09:34,90.06,90.00,-0.06,0.00,0.95,M1
1525,01:09:36,90.06,90.00,-0.06,0.00,0.95,M1
1526,01:09:38,90.06,90.00,-0.06,0.00,0.95,M1
1527,01:09:40,90.06,90.00,-0.06,0.00,0.95,M1
1528,01:09:43,90.06,90.00,-0.06,0.00,0.95,M1
1529,01:09:45,90.06,90.00,-0.06,0.00,0.95,M1
1530,01:09:47,90.06,90.00,-0.06,0.00,0.95,M1
1531,01:09:49,90.06,90.00,-0.06,0.00,0.95,M1
1532,01:09:51,90.06,90.00,-0.06,0.00,0.95,M1
1533,01:09:53,90.06,90.00,-0.06,0.00,0.95,M1
1534,01:09:55,90.06,90.00,-0.06,0.00,0.95,M1
1535,01:09:57,90.06,90.00,-0.06,0.00,0.95,M1
1536,01:09:59,90.06,90.00,-0.06,0.00,0.95,M1
1537,01:10:01,90.06,90.00,-0.06,0.00,0.95,M1
1538,01:10:03,90.06,90.00,-0.06,0.00,0.95,M1
1539,01:10:05,90.06,90.00,-0.06,0.00,0.95,M1
1540,01:10:07,90.06,90.00,-0.06,0.00,0.95,M1
1541,01:10:09,90.06,90.00,-0.06,0.00,0.95,M1
1542,01:10:11,90.06,90.00,-0.06,0.00,0.95,M1
1543,01:10:13,90.06,90.00,-0.06,0.00,0.95,M1
1544,01:10:15,90.06,90.00,-0.06,0.00,0.95,M1
1545,01:10:17,90.06,90.00,-0.06,0.00,0.95,M1
1546,01:10:19,90.06,90.00,-0.06,0.00,0.95,M1
1547,01:10:21,90.06,90.00,-0.06,0.00,0.95,M1
1548,01:10:23,90.06,90.00,-0.06,0.00,0.95,M1
1549,01:10:25,90.00,90.00,0.00,0.06,1.00,M1
1550,01:10:27,90.06,90.00,-0.06,-0.06,0.96,M1
1551,01:10:29,90.06,90.00,-0.06,0.00,0.95,M1
1552,01:10:31,90.06,90.00,-0.06,0.00,0.95,M1
1553,01:10:33,90.06,90.00,-0.06,0.00,0.95,M1
1554,01:10:35,90.06,90.00,-0.06,0.00,0.95,M1
1555,01:10:37,90.06,90.00,-0.06,0.00,0.95,M1
1556,01:10:39,90.06,90.00,-0.06,0.00,0.95,M1
1557,01:10:41,90.06,90.00,-0.06,0.00,0.95,M1
1558,01:10:43,90.06,90.00,-0.06,0.00,0.95,M1
1559,01:10:45,90.06,90.00,-0.06,0.00,0.95,M1
1560,01:10:47,90.06,90.00,-0.06,0.00,0.95,M1
1561,01:10:49,90.06,90.00,-0.06,0.00,0.95,M1
1562,01:10:51,90.00,90.00,0.00,0.06,1.00,M1
1563,01:10:53,90.06,90.00,-0.06,-0.06,0.96,M1
1564,01:10:55,90.06,90.00,-0.06,0.00,0.95,M1
1565,01:10:57,90.06,90.00,-0.06,0.00,0.95,M1
1566,01:10:59,90.06,90.00,-0.06,0.00,0.95,M1
1567,01:11:01,90.06,90.00,-0.06,0.00,0.95,M1
1568,01:11:03,90.06,90.00,-0.06,0.00,0.95,M1
1569,01:11:05,90.06,90.00,-0.06,0.00,0.95,M1
1570,01:11:07,90.06,90.00,-0.06,0.00,0.95,M1
1571,01:11:09,90.12,90.00,-0.12,-0.06,0.95,M1
1572,01:11:11,90.06,90.00,-0.06,0.06,0.96,M1
1573,01:11:13,90.06,90.00,-0.06,0.00,0.95,M1
1574,01:11:15,90.06,90.00,-0.06,0.00,0.95,M1
1575,01:11:17,90.06,90.00,-0.06,0.00,0.95,M1
1576,01:11:19,90.06,90.00,-0.06,0.00,0.95,M1
1577,01:11:22,90.06,90.00,-0.06,0.00,0.95,M1
1578,01:11:24,90.06,90.00,-0.06,0.00,0.95,M1
1579,01:11:26,90.06,90.00,-0.06,0.00,0.95,M1
1580,01:11:28,90.06,90.00,-0.06,0.00,0.95,M1
1581,01:11:30,90.06,90.00,-0.06,0.00,0.95,M1
1582,01:11:32,90.06,90.00,-0.06,0.00,0.95,M1
1583,01:11:34,90.06,90.00,-0.06,0.00,0.95,M1
1584,01:11:36,90.06,90.00,-0.06,0.00,0.95,M1
1585,01:11:38,90.06,90.00,-0.06,0.00,0.95,M1
1586,01:11:40,90.12,90.00,-0.12,-0.06,0.95,M1
1587,01:11:42,90.06,90.00,-0.06,0.06,0.96,M1
1588,01:11:44,90.12,90.00,-0.12,-0.06,0.95,M1
1589,01:11:46,90.06,90.00,-0.06,0.06,0.96,M1
1590,01:11:48,90.12,90.00,-0.12,0.00,0.94,M1
1591,01:11:50,90.06,90.00,-0.06,0.06,0.96,M1
1592,01:11:52,90.06,90.00,-0.06,0.00,0.95,M1
1593,01:11:54,90.06,90.00,-0.06,0.00,0.95,M1
1594,01:11:56,90.12,90.00,-0.12,-0.06,0.95,M1
1595,01:11:58,90.06,90.00,-0.06,0.06,0.96,M1
1596,01:12:00,90.06,90.00,-0.06,0.00,0.95,M1
1597,01:12:02,90.12,90.00,-0.12,-0.06,0.95,M1
1598,01:12:04,90.12,90.00,-0.12,0.00,0.94,M1
1599,01:12:06,90.12,90.00,-0.12,0.00,0.94,M1
1600,01:12:08,90.12,90.00,-0.12,0.00,0.94,M1
1601,01:12:10,90.12,90.00,-0.12,0.00,0.94,M1
1602,01:12:12,90.12,90.00,-0.12,0.00,0.94,M1
1603,01:12:14,90.12,90.00,-0.12,0.00,0.94,M1
1604,01:12:16,90.12,90.00,-0.12,0.00,0.94,M1
1605,01:12:18,90.12,90.00,-0.12,0.00,0.94,M1
1606,01:12:20,90.12,90.00,-0.12,0.00,0.94,M1
1607,01:12:22,90.12,90.00,-0.12,0.00,0.94,M1
1608,01:12:24,90.12,90.00,-0.12,0.00,0.94,M1
1609,01:12:26,90.12,90.00,-0.12,0.00,0.94,M1
1610,01:12:28,90.12,90.00,-0.12,0.00,0.94,M1
1611,01:12:30,90.12,90.00,-0.12,0.00,0.94,M1
1612,01:12:32,90.12,90.00,-0.12,0.00,0.94,M1
1613,01:12:34,90.12,90.00,-0.12,0.00,0.94,M1
1614,01:12:36,90.19,90.00,-0.19,-0.06,0.94,M1
1615,01:12:38,90.12,90.00,-0.12,0.06,0.95,M1
1616,01:12:40,90.12,90.00,-0.12,0.00,0.94,M1
1617,01:12:42,90.12,90.00,-0.12,0.00,0.94,M1
1618,01:12:44,90.06,90.00,-0.06,0.06,0.96,M1
1619,01:12:46,90.12,90.00,-0.12,-0.06,0.95,M1
1620,01:12:48,90.12,90.00,-0.12,0.00,0.94,M1
1621,01:12:50,90.12,90.00,-0.12,0.00,0.94,M1
1622,01:12:52,90.12,90.00,-0.12,0.00,0.94,M1
1623,01:12:54,90.12,90.00,-0.12,0.00,0.94,M1
1624,01:12:57,90.12,90.00,-0.12,0.00,0.94,M1
1625,01:12:59,90.12,90.00,-0.12,0.00,0.94,M1
1626,01:13:01,90.19,90.00,-0.19,-0.06,0.94,M1
1627,01:13:03,90.12,90.00,-0.12,0.06,0.95,M1
1628,01:13:05,90.19,90.00,-0.19,-0.06,0.94,M1
1629,01:13:07,90.12,90.00,-0.12,0.06,0.95,M1
1630,01:13:09,90.12,90.00,-0.12,0.00,0.94,M1
1631,01:13:11,90.12,90.00,-0.12,0.00,0.94,M1
1632,01:13:13,90.19,90.00,-0.19,-0.06,0.94,M1
1633,01:13:15,90.12,90.00,-0.12,0.06,0.95,M1
1634,01:13:17,90.12,90.00,-0.12,0.00,0.94,M1
1635,01:13:19,90.12,90.00,-0.12,0.00,0.94,M1
1636,01:13:21,90.12,90.00,-0.12,0.00,0.94,M1
1637,01:13:23,90.12,90.00,-0.12,0.00,0.94,M1
1638,01:13:25,90.12,90.00,-0.12,0.00,0.94,M1
1639,01:13:27,90.12,90.00,-0.12,0.00,0.94,M1
1640,01:13:29,90.12,90.00,-0.12,0.00,0.94,M1
1641,01:13:31,90.12,90.00,-0.12,0.00,0.94,M1
1642,01:13:33,90.12,90.00,-0.12,0.00,0.94,M1
1643,01:13:35,90.19,90.00,-0.19,-0.06,0.94,M1
1644,01:13:37,90.19,90.00,-0.19,0.00,0.93,M1
1645,01:13:39,90.12,90.00,-0.12,0.06,0.95,M1
1646,01:13:41,90.12,90.00,-0.12,0.00,0.94,M1
1647,01:13:43,90.12,90.00,-0.12,0.00,0.94,M1
1648,01:13:45,90.19,90.00,-0.19,-0.06,0.94,M1
1649,01:13:47,90.19,90.00,-0.19,0.00,0.93,M1
1650,01:13:49,90.19,90.00,-0.19,0.00,0.93,M1
1651,01:13:51,90.19,90.00,-0.19,0.00,0.93,M1
1652,01:13:53,90.12,90.00,-0.12,0.06,0.95,M1
1653,01:13:55,90.19,90.00,-0.19,-0.06,0.94,M1
1654,01:13:57,90.19,90.00,-0.19,0.00,0.93,M1
1655,01:13:59,90.19,90.00,-0.19,0.00,0.93,M1
1656,01:14:01,90.19,90.00,-0.19,0.00,0.93,M1
1657,01:14:03,90.19,90.00,-0.19,0.00,0.93,M1
1658,01:14:05,90.19,90.00,-0.19,0.00,0.93,M1
1659,01:14:07,90.19,90.00,-0.19,0.00,0.93,M1
1660,01:14:09,90.12,90.00,-0.12,0.06,0.95,M1
1661,01:14:11,90.19,90.00,-0.19,-0.06,0.94,M1
1662,01:14:13,90.19,90.00,-0.19,0.00,0.93,M1
1663,01:14:15,90.19,90.00,-0.19,0.00,0.93,M1
1664,01:14:17,90.19,90.00,-0.19,0.00,0.93,M1
1665,01:14:19,90.19,90.00,-0.19,0.00,0.93,M1
1666,01:14:21,90.19,90.00,-0.19,0.00,0.93,M1
1667,01:14:23,90.25,90.00,-0.25,-0.06,0.92,M1
1668,01:14:25,90.19,90.00,-0.19,0.06,0.94,M1
1669,01:14:27,90.19,90.00,-0.19,0.00,0.93,M1
1670,01:14:29,90.19,90.00,-0.19,0.00,0.93,M1
1671,01:14:31,90.19,90.00,-0.19,0.00,0.93,M1
1672,01:14:34,90.19,90.00,-0.19,0.00,0.93,M1
1673,01:14:36,90.19,90.00,-0.19,0.00,0.93,M1
1674,01:14:38,90.19,90.00,-0.19,0.00,0.93,M1
1675,01:14:40,90.19,90.00,-0.19,0.00,0.93,M1
1676,01:14:42,90.19,90.00,-0.19,0.00,0.93,M1
1677,01:14:44,90.19,90.00,-0.19,0.00,0.93,M1
1678,01:14:46,90.19,90.00,-0.19,0.00,0.93,M1
1679,01:14:48,90.19,90.00,-0.19,0.00,0.93,M1
1680,01:14:50,90.19,90.00,-0.19,0.00,0.93,M1
1681,01:14:52,90.19,90.00,-0.19,0.00,0.93,M1
1682,01:14:54,90.19,90.00,-0.19,0.00,0.93,M1
1683,01:14:56,90.19,90.00,-0.19,0.00,0.93,M1
1684,01:14:58,90.19,90.00,-0.19,0.00,0.93,M1
1685,01:15:00,90.19,90.00,-0.19,0.00,0.93,M1
1686,01:15:02,90.19,90.00,-0.19,0.00,0.93,M1
1687,01:15:04,90.19,90.00,-0.19,0.00,0.93,M1
1688,01:15:06,90.19,90.00,-0.19,0.00,0.93,M1
1689,01:15:08,90.19,90.00,-0.19,0.00,0.93,M1
1690,01:15:10,90.19,90.00,-0.19,0.00,0.93,M1
1691,01:15:12,90.19,90.00,-0.19,0.00,0.93,M1
1692,01:15:14,90.19,90.00,-0.19,0.00,0.93,M1
1693,01:15:16,90.19,90.00,-0.19,0.00,0.93,M1
1694,01:15:18,90.19,90.00,-0.19,0.00,0.93,M1
1695,01:15:20,90.19,90.00,-0.19,0.00,0.93,M1
1696,01:15:22,90.19,90.00,-0.19,0.00,0.93,M1
1697,01:15:24,90.19,90.00,-0.19,0.00,0.93,M1
1698,01:15:26,90.19,90.00,-0.19,0.00,0.93,M1
1699,01:15:28,90.19,90.00,-0.19,0.00,0.93,M1
1700,01:15:30,90.19,90.00,-0.19,0.00,0.93,M1
1701,01:15:32,90.19,90.00,-0.19,0.00,0.93,M1
1702,01:15:34,90.19,90.00,-0.19,0.00,0.93,M1
1703,01:15:36,90.19,90.00,-0.19,0.00,0.93,M1
1704,01:15:38,90.19,90.00,-0.19,0.00,0.93,M1
1705,01:15:40,90.19,90.00,-0.19,0.00,0.93,M1
1706,01:15:42,90.19,90.00,-0.19,0.00,0.93,M1
1707,01:15:44,90.19,90.00,-0.19,0.00,0.93,M1
1708,01:15:46,90.19,90.00,-0.19,0.00,0.93,M1
1709,01:15:48,90.19,90.00,-0.19,0.00,0.93,M1
1710,01:15:50,90.19,90.00,-0.19,0.00,0.93,M1
1711,01:15:52,90.25,90.00,-0.25,-0.06,0.92,M1
1712,01:15:54,90.19,90.00,-0.19,0.06,0.94,M1
1713,01:15:56,90.19,90.00,-0.19,0.00,0.93,M1
1714,01:15:58,90.19,90.00,-0.19,0.00,0.93,M1
1715,01:16:00,90.19,90.00,-0.19,0.00,0.93,M1
1716,01:16:02,90.25,90.00,-0.25,-0.06,0.92,M1
1717,01:16:04,90.19,90.00,-0.19,0.06,0.94,M1
1718,01:16:06,90.25,90.00,-0.25,-0.06,0.92,M1
1719,01:16:08,90.25,90.00,-0.25,0.00,0.92,M1
1720,01:16:11,90.25,90.00,-0.25,0.00,0.92,M1
1721,01:16:13,90.25,90.00,-0.25,0.00,0.92,M1
1722,01:16:15,90.25,90.00,-0.25,0.00,0.92,M1
1723,01:16:17,90.25,90.00,-0.25,0.00,0.92,M1
1724,01:16:19,90.25,90.00,-0.25,0.00,0.92,M1
1725,01:16:21,90.25,90.00,-0.25,0.00,0.92,M1
1726,01:16:23,90.25,90.00,-0.25,0.00,0.92,M1
1727,01:16:25,90.25,90.00,-0.25,0.00,0.92,M1
1728,01:16:27,90.25,90.00,-0.25,0.00,0.92,M1
1729,01:16:29,90.25,90.00,-0.25,0.00,0.92,M1
1730,01:16:31,90.25,90.00,-0.25,0.00,0.92,M1
1731,01:16:33,90.25,90.00,-0.25,0.00,0.92,M1
1732,01:16:35,90.31,90.00,-0.31,-0.06,0.91,M1
1733,01:16:37,90.25,90.00,-0.25,0.06,0.92,M1
1734,01:16:39,90.25,90.00,-0.25,0.00,0.92,M1
1735,01:16:41,90.31,90.00,-0.31,-0.06,0.91,M1
1736,01:16:43,90.25,90.00,-0.25,0.06,0.92,M1
1737,01:16:45,90.25,90.00,-0.25,0.00,0.92,M1
1738,01:16:47,90.31,90.00,-0.31,-0.06,0.91,M1
1739,01:16:49,90.25,90.00,-0.25,0.06,0.92,M1
1740,01:16:51,90.31,90.00,-0.31,-0.06,0.91,M1
1741,01:16:53,90.31,90.00,-0.31,0.00,0.91,M1
1742,01:16:55,90.31,90.00,-0.31,0.00,0.91,M1
1743,01:16:57,90.31,90.00,-0.31,0.00,0.91,M1
1744,01:16:59,90.25,90.00,-0.25,0.06,0.92,M1
1745,01:17:01,90.31,90.00,-0.31,-0.06,0.91,M1
1746,01:17:03,90.31,90.00,-0.31,0.00,0.91,M1
1747,01:17:05,90.31,90.00,-0.31,0.00,0.91,M1
1748,01:17:07,90.31,90.00,-0.31,0.00,0.91,M1
1749,01:17:09,90.31,90.00,-0.31,0.00,0.91,M1
1750,01:17:11,90.31,90.00,-0.31,0.00,0.91,M1
1751,01:17:13,90.31,90.00,-0.31,0.00,0.91,M1
1752,01:17:15,90.31,90.00,-0.31,0.00,0.91,M1
1753,01:17:17,90.38,90.00,-0.38,-0.06,0.90,M1
1754,01:17:19,90.31,90.00,-0.31,0.06,0.91,M1
1755,01:17:21,90.31,90.00,-0.31,0.00,0.91,M1
1756,01:17:23,90.31,90.00,-0.31,0.00,0.91,M1
1757,01:17:25,90.31,90.00,-0.31,0.00,0.91,M1
1758,01:17:27,90.31,90.00,-0.31,0.00,0.91,M1
1759,01:17:29,90.31,90.00,-0.31,0.00,0.91,M1
1760,01:17:31,90.31,90.00,-0.31,0.00,0.91,M1
1761,01:17:33,90.31,90.00,-0.31,0.00,0.91,M1
1762,01:17:35,90.31,90.00,-0.31,0.00,0.91,M1
1763,01:17:37,90.31,90.00,-0.31,0.00,0.91,M1
1764,01:17:39,90.31,90.00,-0.31,0.00,0.91,M1
1765,01:17:42,90.31,90.00,-0.31,0.00,0.91,M1
1766,01:17:44,90.31,90.00,-0.31,0.00,0.91,M1
1767,01:17:46,90.31,90.00,-0.31,0.00,0.91,M1
1768,01:17:48,90.31,90.00,-0.31,0.00,0.91,M1
1769,01:17:50,90.31,90.00,-0.31,0.00,0.91,M1
1770,01:17:52,90.38,90.00,-0.38,-0.06,0.90,M1
1771,01:17:54,90.38,90.00,-0.38,0.00,0.90,M1
1772,01:17:56,90.38,90.00,-0.38,0.00,0.90,M1
1773,01:17:58,90.38,90.00,-0.38,0.00,0.90,M1
1774,01:18:00,90.38,90.00,-0.38,0.00,0.90,M1
1775,01:18:02,90.38,90.00,-0.38,0.00,0.90,M1
1776,01:18:04,90.38,90.00,-0.38,0.00,0.90,M1
1777,01:18:06,90.38,90.00,-0.38,0.00,0.90,M1
1778,01:18:08,90.38,90.00,-0.38,0.00,0.90,M1
1779,01:18:10,90.38,90.00,-0.38,0.00,0.90,M1
1780,01:18:12,90.38,90.00,-0.38,0.00,0.90,M1
1781,01:18:14,90.38,90.00,-0.38,0.00,0.90,M1
1782,01:18:16,90.38,90.00,-0.38,0.00,0.90,M1
1783,01:18:18,90.38,90.00,-0.38,0.00,0.90,M1
1784,01:18:20,90.38,90.00,-0.38,0.00,0.90,M1
1785,01:18:22,90.38,90.00,-0.38,0.00,0.90,M1
1786,01:18:24,90.38,90.00,-0.38,0.00,0.90,M1
1787,01:18:26,90.38,90.00,-0.38,0.00,0.90,M1
1788,01:18:28,90.38,90.00,-0.38,0.00,0.90,M1
1789,01:18:30,90.38,90.00,-0.38,0.00,0.90,M1
1790,01:18:32,90.38,90.00,-0.38,0.00,0.90,M1
1791,01:18:34,90.38,90.00,-0.38,0.00,0.90,M1
1792,01:18:36,90.38,90.00,-0.38,0.00,0.90,M1
1793,01:18:38,90.31,90.00,-0.31,0.06,0.91,M1
1794,01:18:40,90.31,90.00,-0.31,0.00,0.91,M1
1795,01:18:42,90.31,90.00,-0.31,0.00,0.91,M1
1796,01:18:44,90.31,90.00,-0.31,0.00,0.91,M1
1797,01:18:46,90.31,90.00,-0.31,0.00,0.91,M1
1798,01:18:48,90.31,90.00,-0.31,0.00,0.91,M1
1799,01:18:50,90.31,90.00,-0.31,0.00,0.91,M1
1800,01:18:52,90.31,90.00,-0.31,0.00,0.91,M1
1801,01:18:54,90.31,90.00,-0.31,0.00,0.91,M1
1802,01:18:56,90.38,90.00,-0.38,-0.06,0.90,M1
1803,01:18:58,90.38,90.00,-0.38,0.00,0.90,M1
1804,01:19:00,90.38,90.00,-0.38,0.00,0.90,M1
1805,01:19:02,90.38,90.00,-0.38,0.00,0.90,M1
1806,01:19:04,90.31,90.00,-0.31,0.06,0.91,M1
1807,01:19:06,90.31,90.00,-0.31,0.00,0.91,M1
1808,01:19:08,90.38,90.00,-0.38,-0.06,0.90,M1
1809,01:19:10,90.38,90.00,-0.38,0.00,0.90,M1
1810,01:19:12,90.38,90.00,-0.38,0.00,0.90,M1
1811,01:19:14,90.31,90.00,-0.31,0.06,0.91,M1
1812,01:19:17,90.38,90.00,-0.38,-0.06,0.90,M1
1813,01:19:19,90.38,90.00,-0.38,0.00,0.90,M1
1814,01:19:21,90.38,90.00,-0.38,0.00,0.90,M1
1815,01:19:23,90.31,90.00,-0.31,0.06,0.91,M1
1816,01:19:25,90.38,90.00,-0.38,-0.06,0.90,M1
1817,01:19:27,90.38,90.00,-0.38,0.00,0.90,M1
1818,01:19:29,90.38,90.00,-0.38,0.00,0.90,M1
1819,01:19:31,90.38,90.00,-0.38,0.00,0.90,M1
1820,01:19:33,90.38,90.00,-0.38,0.00,0.90,M1
1821,01:19:35,90.38,90.00,-0.38,0.00,0.90,M1
1822,01:19:37,90.38,90.00,-0.38,0.00,0.90,M1
1823,01:19:39,90.38,90.00,-0.38,0.00,0.90,M1
1824,01:19:41,90.38,90.00,-0.38,0.00,0.90,M1
1825,01:19:43,90.38,90.00,-0.38,0.00,0.90,M1
1826,01:19:45,90.38,90.00,-0.38,0.00,0.90,M1
1827,01:19:47,90.38,90.00,-0.38,0.00,0.90,M1
1828,01:19:49,90.38,90.00,-0.38,0.00,0.90,M1
1829,01:19:51,90.38,90.00,-0.38,0.00,0.90,M1
1830,01:19:53,90.38,90.00,-0.38,0.00,0.90,M1
1831,01:19:55,90.38,90.00,-0.38,0.00,0.90,M1
1832,01:19:57,90.31,90.00,-0.31,0.06,0.91,M1
1833,01:19:59,90.31,90.00,-0.31,0.00,0.91,M1
1834,01:20:01,90.31,90.00,-0.31,0.00,0.91,M1
1835,01:20:03,90.31,90.00,-0.31,0.00,0.91,M1
1836,01:20:05,90.25,90.00,-0.25,0.06,0.92,M1
1837,01:20:07,90.25,90.00,-0.25,0.00,0.92,M1
1838,01:20:09,90.25,90.00,-0.25,0.00,0.92,M1
1839,01:20:11,90.25,90.00,-0.25,0.00,0.92,M1
1840,01:20:13,90.25,90.00,-0.25,0.00,0.92,M1
1841,01:20:15,90.19,90.00,-0.19,0.06,0.94,M1
1842,01:20:17,90.19,90.00,-0.19,0.00,0.93,M1
1843,01:20:19,90.19,90.00,-0.19,0.00,0.93,M1
1844,01:20:21,90.19,90.00,-0.19,0.00,0.93,M1
1845,01:20:23,90.12,90.00,-0.12,0.06,0.95,M1
1846,01:20:25,90.19,90.00,-0.19,-0.06,0.94,M1
1847,01:20:27,90.12,90.00,-0.12,0.06,0.95,M1
1848,01:20:29,90.12,90.00,-0.12,0.00,0.94,M1
1849,01:20:31,90.12,90.00,-0.12,0.00,0.94,M1
1850,01:20:33,90.19,90.00,-0.19,-0.06,0.94,M1
1851,01:20:35,90.12,90.00,-0.12,0.06,0.95,M1
1852,01:20:37,90.19,90.00,-0.19,-0.06,0.94,M1
1853,01:20:39,90.12,90.00,-0.12,0.06,0.95,M1
1854,01:20:41,90.12,90.00,-0.12,0.00,0.94,M1
1855,01:20:43,90.12,90.00,-0.12,0.00,0.94,M1
1856,01:20:45,90.12,90.00,-0.12,0.00,0.94,M1
1857,01:20:47,90.12,90.00,-0.12,0.00,0.94,M1
1858,01:20:49,90.12,90.00,-0.12,0.00,0.94,M1
1859,01:20:52,90.19,90.00,-0.19,-0.06,0.94,M1
1860,01:20:54,90.12,90.00,-0.12,0.06,0.95,M1
1861,01:20:56,90.12,90.00,-0.12,0.00,0.94,M1
1862,01:20:58,90.12,90.00,-0.12,0.00,0.94,M1
1863,01:21:00,90.19,90.00,-0.19,-0.06,0.94,M1
1864,01:21:02,90.19,90.00,-0.19,0.00,0.93,M1
1865,01:21:04,90.19,90.00,-0.19,0.00,0.93,M1
1866,01:21:06,90.19,90.00,-0.19,0.00,0.93,M1
1867,01:21:08,90.19,90.00,-0.19,0.00,0.93,M1
1868,01:21:10,90.19,90.00,-0.19,0.00,0.93,M1
1869,01:21:12,90.19,90.00,-0.19,0.00,0.93,M1
1870,01:21:14,90.19,90.00,-0.19,0.00,0.93,M1
1871,01:21:16,90.19,90.00,-0.19,0.00,0.93,M1
1872,01:21:18,90.19,90.00,-0.19,0.00,0.93,M1
1873,01:21:20,90.19,90.00,-0.19,0.00,0.93,M1
1874,01:21:22,90.19,90.00,-0.19,0.00,0.93,M1
1875,01:21:24,90.19,90.00,-0.19,0.00,0.93,M1
1876,01:21:26,90.19,90.00,-0.19,0.00,0.93,M1
1877,01:21:28,90.19,90.00,-0.19,0.00,0.93,M1
1878,01:21:30,90.19,90.00,-0.19,0.00,0.93,M1
1879,01:21:32,90.19,90.00,-0.19,0.00,0.93,M1
1880,01:21:34,90.19,90.00,-0.19,0.00,0.93,M1
1881,01:21:36,90.25,90.00,-0.25,-0.06,0.92,M1
1882,01:21:38,90.25,90.00,-0.25,0.00,0.92,M1
1883,01:21:40,90.25,90.00,-0.25,0.00,0.92,M1
1884,01:21:42,90.25,90.00,-0.25,0.00,0.92,M1
1885,01:21:44,90.19,90.00,-0.19,0.06,0.94,M1
1886,01:21:46,90.25,90.00,-0.25,-0.06,0.92,M1
1887,01:21:48,90.25,90.00,-0.25,0.00,0.92,M1
1888,01:21:50,90.25,90.00,-0.25,0.00,0.92,M1
1889,01:21:52,90.25,90.00,-0.25,0.00,0.92,M1
1890,01:21:54,90.25,90.00,-0.25,0.00,0.92,M1
1891,01:21:56,90.25,90.00,-0.25,0.00,0.92,M1
1892,01:21:58,90.25,90.00,-0.25,0.00,0.92,M1
1893,01:22:00,90.25,90.00,-0.25,0.00,0.92,M1
1894,01:22:02,90.19,90.00,-0.19,0.06,0.94,M1
1895,01:22:04,90.19,90.00,-0.19,0.00,0.93,M1
1896,01:22:06,90.19,90.00,-0.19,0.00,0.93,M1
1897,01:22:08,90.19,90.00,-0.19,0.00,0.93,M1
1898,01:22:10,90.19,90.00,-0.19,0.00,0.93,M1
1899,01:22:12,90.19,90.00,-0.19,0.00,0.93,M1
1900,01:22:14,90.19,90.00,-0.19,0.00,0.93,M1
1901,01:22:16,90.19,90.00,-0.19,0.00,0.93,M1
1902,01:22:18,90.19,90.00,-0.19,0.00,0.93,M1
1903,01:22:21,90.19,90.00,-0.19,0.00,0.93,M1
1904,01:22:23,90.19,90.00,-0.19,0.00,0.93,M1
1905,01:22:25,90.19,90.00,-0.19,0.00,0.93,M1
1906,01:22:27,90.19,90.00,-0.19,0.00,0.93,M1
1907,01:22:29,90.19,90.00,-0.19,0.00,0.93,M1
1908,01:22:31,90.19,90.00,-0.19,0.00,0.93,M1
1909,01:22:33,90.19,90.00,-0.19,0.00,0.93,M1
1910,01:22:35,90.19,90.00,-0.19,0.00,0.93,M1
1911,01:22:37,90.19,90.00,-0.19,0.00,0.93,M1
1912,01:22:39,90.19,90.00,-0.19,0.00,0.93,M1
1913,01:22:41,90.19,90.00,-0.19,0.00,0.93,M1
1914,01:22:43,90.19,90.00,-0.19,0.00,0.93,M1
1915,01:22:45,90.12,90.00,-0.12,0.06,0.95,M1
1916,01:22:47,90.19,90.00,-0.19,-0.06,0.94,M1
1917,01:22:49,90.19,90.00,-0.19,0.00,0.93,M1
1918,01:22:51,90.19,90.00,-0.19,0.00,0.93,M1
1919,01:22:53,90.19,90.00,-0.19,0.00,0.93,M1
1920,01:22:55,90.19,90.00,-0.19,0.00,0.93,M1
1921,01:22:57,90.19,90.00,-0.19,0.00,0.93,M1
1922,01:22:59,90.19,90.00,-0.19,0.00,0.93,M1
1923,01:23:01,90.19,90.00,-0.19,0.00,0.93,M1
1924,01:23:03,90.19,90.00,-0.19,0.00,0.93,M1
1925,01:23:05,90.19,90.00,-0.19,0.00,0.93,M1
1926,01:23:07,90.19,90.00,-0.19,0.00,0.93,M1
1927,01:23:09,90.19,90.00,-0.19,0.00,0.93,M1
1928,01:23:11,90.19,90.00,-0.19,0.00,0.93,M1
1929,01:23:13,90.19,90.00,-0.19,0.00,0.93,M1
1930,01:23:15,90.19,90.00,-0.19,0.00,0.93,M1
1931,01:23:17,90.19,90.00,-0.19,0.00,0.93,M1
1932,01:23:19,90.19,90.00,-0.19,0.00,0.93,M1
1933,01:23:21,90.19,90.00,-0.19,0.00,0.93,M1
1934,01:23:23,90.19,90.00,-0.19,0.00,0.93,M1
1935,01:23:25,90.19,90.00,-0.19,0.00,0.93,M1
1936,01:23:27,90.19,90.00,-0.19,0.00,0.93,M1
1937,01:23:29,90.25,90.00,-0.25,-0.06,0.92,M1
1938,01:23:31,90.19,90.00,-0.19,0.06,0.94,M1
1939,01:23:33,90.25,90.00,-0.25,-0.06,0.92,M1
1940,01:23:35,90.25,90.00,-0.25,0.00,0.92,M1
1941,01:23:37,90.25,90.00,-0.25,0.00,0.92,M1
1942,01:23:39,90.19,90.00,-0.19,0.06,0.94,M1
1943,01:23:41,90.25,90.00,-0.25,-0.06,0.92,M1
1944,01:23:43,90.25,90.00,-0.25,0.00,0.92,M1
1945,01:23:45,90.25,90.00,-0.25,0.00,0.92,M1
1946,01:23:47,90.25,90.00,-0.25,0.00,0.92,M1
1947,01:23:49,90.25,90.00,-0.25,0.00,0.92,M1
1948,01:23:51,90.25,90.00,-0.25,0.00,0.92,M1
1949,01:23:53,90.19,90.00,-0.19,0.06,0.94,M1
1950,01:23:55,90.25,90.00,-0.25,-0.06,0.92,M1
1951,01:23:57,90.19,90.00,-0.19,0.06,0.94,M1
1952,01:24:00,90.19,90.00,-0.19,0.00,0.93,M1
1953,01:24:02,90.25,90.00,-0.25,-0.06,0.92,M1
1954,01:24:04,90.25,90.00,-0.25,0.00,0.92,M1
1955,01:24:06,90.19,90.00,-0.19,0.06,0.94,M1
1956,01:24:08,90.19,90.00,-0.19,0.00,0.93,M1
1957,01:24:10,90.19,90.00,-0.19,0.00,0.93,M1
1958,01:24:12,90.19,90.00,-0.19,0.00,0.93,M1
1959,01:24:14,90.19,90.00,-0.19,0.00,0.93,M1
1960,01:24:16,90.19,90.00,-0.19,0.00,0.93,M1
1961,01:24:18,90.19,90.00,-0.19,0.00,0.93,M1
1962,01:24:20,90.19,90.00,-0.19,0.00,0.93,M1
1963,01:24:22,90.19,90.00,-0.19,0.00,0.93,M1
1964,01:24:24,90.19,90.00,-0.19,0.00,0.93,M1
1965,01:24:26,90.19,90.00,-0.19,0.00,0.93,M1
1966,01:24:28,90.19,90.00,-0.19,0.00,0.93,M1
1967,01:24:30,90.19,90.00,-0.19,0.00,0.93,M1
1968,01:24:32,90.19,90.00,-0.19,0.00,0.93,M1
1969,01:24:34,90.19,90.00,-0.19,0.00,0.93,M1
1970,01:24:36,90.19,90.00,-0.19,0.00,0.93,M1
1971,01:24:38,90.25,90.00,-0.25,-0.06,0.92,M1
1972,01:24:40,90.25,90.00,-0.25,0.00,0.92,M1
1973,01:24:42,90.19,90.00,-0.19,0.06,0.94,M1
1974,01:24:44,90.25,90.00,-0.25,-0.06,0.92,M1
1975,01:24:46,90.19,90.00,-0.19,0.06,0.94,M1
1976,01:24:48,90.25,90.00,-0.25,-0.06,0.92,M1
1977,01:24:50,90.25,90.00,-0.25,0.00,0.92,M1
1978,01:24:52,90.25,90.00,-0.25,0.00,0.92,M1
1979,01:24:54,90.25,90.00,-0.25,0.00,0.92,M1
1980,01:24:56,90.19,90.00,-0.19,0.06,0.94,M1
1981,01:24:58,90.25,90.00,-0.25,-0.06,0.92,M1
1982,01:25:00,90.25,90.00,-0.25,0.00,0.92,M1
1983,01:25:02,90.19,90.00,-0.19,0.06,0.94,M1
1984,01:25:04,90.19,90.00,-0.19,0.00,0.93,M1
1985,01:25:06,90.19,90.00,-0.19,0.00,0.93,M1
1986,01:25:08,90.25,90.00,-0.25,-0.06,0.92,M1
1987,01:25:10,90.19,90.00,-0.19,0.06,0.94,M1
1988,01:25:12,90.19,90.00,-0.19,0.00,0.93,M1
1989,01:25:14,90.19,90.00,-0.19,0.00,0.93,M1
1990,01:25:16,90.19,90.00,-0.19,0.00,0.93,M1
1991,01:25:18,90.25,90.00,-0.25,-0.06,0.92,M1
1992,01:25:20,90.19,90.00,-0.19,0.06,0.94,M1
1993,01:25:22,90.25,90.00,-0.25,-0.06,0.92,M1
1994,01:25:24,90.25,90.00,-0.25,0.00,0.92,M1
1995,01:25:26,90.25,90.00,-0.25,0.00,0.92,M1
1996,01:25:28,90.19,90.00,-0.19,0.06,0.94,M1
1997,01:25:30,90.25,90.00,-0.25,-0.06,0.92,M1
1998,01:25:32,90.25,90.00,-0.25,0.00,0.92,M1
1999,01:25:34,90.25,90.00,-0.25,0.00,0.92,M1
2000,01:25:37,90.25,90.00,-0.25,0.00,0.92,M1
2001,01:25:39,90.25,90.00,-0.25,0.00,0.92,M1
2002,01:25:41,90.25,90.00,-0.25,0.00,0.92,M1
2003,01:25:43,90.25,90.00,-0.25,0.00,0.92,M1
2004,01:25:45,90.25,90.00,-0.25,0.00,0.92,M1
2005,01:25:47,90.19,90.00,-0.19,0.06,0.94,M1
2006,01:25:49,90.25,90.00,-0.25,-0.06,0.92,M1
2007,01:25:51,90.19,90.00,-0.19,0.06,0.94,M1
2008,01:25:53,90.25,90.00,-0.25,-0.06,0.92,M1
2009,01:25:55,90.19,90.00,-0.19,0.06,0.94,M1
2010,01:25:57,90.25,90.00,-0.25,-0.06,0.92,M1
2011,01:25:59,90.25,90.00,-0.25,0.00,0.92,M1
2012,01:26:01,90.25,90.00,-0.25,0.00,0.92,M1
2013,01:26:03,90.25,90.00,-0.25,0.00,0.92,M1
2014,01:26:05,90.25,90.00,-0.25,0.00,0.92,M1
2015,01:26:07,90.19,90.00,-0.19,0.06,0.94,M1
2016,01:26:09,90.19,90.00,-0.19,0.00,0.93,M1
2017,01:26:11,90.25,90.00,-0.25,-0.06,0.92,M1
2018,01:26:13,90.25,90.00,-0.25,0.00,0.92,M1
2019,01:26:15,90.19,90.00,-0.19,0.06,0.94,M1
2020,01:26:17,90.25,90.00,-0.25,-0.06,0.92,M1
2021,01:26:19,90.25,90.00,-0.25,0.00,0.92,M1
2022,01:26:21,90.25,90.00,-0.25,0.00,0.92,M1
2023,01:26:23,90.25,90.00,-0.25,0.00,0.92,M1
2024,01:26:25,90.25,90.00,-0.25,0.00,0.92,M1
2025,01:26:27,90.25,90.00,-0.25,0.00,0.92,M1
2026,01:26:29,90.25,90.00,-0.25,0.00,0.92,M1
2027,01:26:31,90.25,90.00,-0.25,0.00,0.92,M1
2028,01:26:33,90.25,90.00,-0.25,0.00,0.92,M1
2029,01:26:35,90.25,90.00,-0.25,0.00,0.92,M1
2030,01:26:37,90.25,90.00,-0.25,0.00,0.92,M1
2031,01:26:39,90.25,90.00,-0.25,0.00,0.92,M1
2032,01:26:41,90.25,90.00,-0.25,0.00,0.92,M1
2033,01:26:43,90.25,90.00,-0.25,0.00,0.92,M1
2034,01:26:45,90.25,90.00,-0.25,0.00,0.92,M1
2035,01:26:47,90.25,90.00,-0.25,0.00,0.92,M1
2036,01:26:49,90.25,90.00,-0.25,0.00,0.92,M1
2037,01:26:51,90.25,90.00,-0.25,0.00,0.92,M1
2038,01:26:53,90.25,90.00,-0.25,0.00,0.92,M1
2039,01:26:55,90.25,90.00,-0.25,0.00,0.92,M1
2040,01:26:57,90.25,90.00,-0.25,0.00,0.92,M1
2041,01:26:59,90.25,90.00,-0.25,0.00,0.92,M1
2042,01:27:01,90.25,90.00,-0.25,0.00,0.92,M1
2043,01:27:03,90.25,90.00,-0.25,0.00,0.92,M1
2044,01:27:05,90.25,90.00,-0.25,0.00,0.92,M1
2045,01:27:07,90.25,90.00,-0.25,0.00,0.92,M1
2046,01:27:09,90.31,90.00,-0.31,-0.06,0.91,M1
2047,01:27:11,90.31,90.00,-0.31,0.00,0.91,M1
2048,01:27:14,90.31,90.00,-0.31,0.00,0.91,M1
2049,01:27:16,90.31,90.00,-0.31,0.00,0.91,M1
2050,01:27:18,90.31,90.00,-0.31,0.00,0.91,M1
2051,01:27:20,90.31,90.00,-0.31,0.00,0.91,M1
2052,01:27:22,90.31,90.00,-0.31,0.00,0.91,M1
2053,01:27:24,90.31,90.00,-0.31,0.00,0.91,M1
2054,01:27:26,90.31,90.00,-0.31,0.00,0.91,M1
2055,01:27:28,90.31,90.00,-0.31,0.00,0.91,M1
2056,01:27:30,90.31,90.00,-0.31,0.00,0.91,M1
2057,01:27:32,90.31,90.00,-0.31,0.00,0.91,M1
2058,01:27:34,90.31,90.00,-0.31,0.00,0.91,M1
2059,01:27:36,90.31,90.00,-0.31,0.00,0.91,M1
2060,01:27:38,90.31,90.00,-0.31,0.00,0.91,M1
2061,01:27:40,90.31,90.00,-0.31,0.00,0.91,M1
2062,01:27:42,90.31,90.00,-0.31,0.00,0.91,M1
2063,01:27:44,90.31,90.00,-0.31,0.00,0.91,M1
2064,01:27:46,90.31,90.00,-0.31,0.00,0.91,M1
2065,01:27:48,90.38,90.00,-0.38,-0.06,0.90,M1
2066,01:27:50,90.38,90.00,-0.38,0.00,0.90,M1
2067,01:27:52,90.31,90.00,-0.31,0.06,0.91,M1
2068,01:27:54,90.38,90.00,-0.38,-0.06,0.90,M1
2069,01:27:56,90.31,90.00,-0.31,0.06,0.91,M1
2070,01:27:58,90.38,90.00,-0.38,-0.06,0.90,M1
2071,01:28:00,90.31,90.00,-0.31,0.06,0.91,M1
2072,01:28:02,90.31,90.00,-0.31,0.00,0.91,M1
2073,01:28:04,90.31,90.00,-0.31,0.00,0.91,M1
2074,01:28:06,90.31,90.00,-0.31,0.00,0.91,M1
2075,01:28:08,90.31,90.00,-0.31,0.00,0.91,M1
2076,01:28:10,90.31,90.00,-0.31,0.00,0.91,M1
2077,01:28:12,90.31,90.00,-0.31,0.00,0.91,M1
2078,01:28:14,90.31,90.00,-0.31,0.00,0.91,M1
2079,01:28:16,90.31,90.00,-0.31,0.00,0.91,M1
2080,01:28:18,90.31,90.00,-0.31,0.00,0.91,M1
2081,01:28:20,90.31,90.00,-0.31,0.00,0.91,M1
2082,01:28:22,90.31,90.00,-0.31,0.00,0.91,M1
2083,01:28:24,90.31,90.00,-0.31,0.00,0.91,M1
2084,01:28:26,90.31,90.00,-0.31,0.00,0.91,M1
2085,01:28:28,90.31,90.00,-0.31,0.00,0.91,M1
2086,01:28:30,90.31,90.00,-0.31,0.00,0.91,M1
2087,01:28:32,90.31,90.00,-0.31,0.00,0.91,M1
2088,01:28:34,90.31,90.00,-0.31,0.00,0.91,M1
2089,01:28:36,90.31,90.00,-0.31,0.00,0.91,M1
2090,01:28:38,90.31,90.00,-0.31,0.00,0.91,M1
2091,01:28:40,90.31,90.00,-0.31,0.00,0.91,M1
2092,01:28:42,90.31,90.00,-0.31,0.00,0.91,M1
2093,01:28:44,90.31,90.00,-0.31,0.00,0.91,M1
2094,01:28:46,90.31,90.00,-0.31,0.00,0.91,M1
2095,01:28:48,90.31,90.00,-0.31,0.00,0.91,M1
2096,01:28:50,90.31,90.00,-0.31,0.00,0.91,M1
2097,01:28:53,90.31,90.00,-0.31,0.00,0.91,M1
2098,01:28:55,90.31,90.00,-0.31,0.00,0.91,M1
2099,01:28:57,90.31,90.00,-0.31,0.00,0.91,M1
2100,01:28:59,90.31,90.00,-0.31,0.00,0.91,M1
2101,01:29:01,90.31,90.00,-0.31,0.00,0.91,M1
2102,01:29:03,90.31,90.00,-0.31,0.00,0.91,M1
2103,01:29:05,90.31,90.00,-0.31,0.00,0.91,M1
2104,01:29:07,90.31,90.00,-0.31,0.00,0.91,M1
2105,01:29:09,90.31,90.00,-0.31,0.00,0.91,M1
2106,01:29:11,90.31,90.00,-0.31,0.00,0.91,M1
2107,01:29:13,90.31,90.00,-0.31,0.00,0.91,M1
2108,01:29:15,90.31,90.00,-0.31,0.00,0.91,M1
2109,01:29:17,90.31,90.00,-0.31,0.00,0.91,M1
2110,01:29:19,90.31,90.00,-0.31,0.00,0.91,M1
2111,01:29:21,90.31,90.00,-0.31,0.00,0.91,M1
2112,01:29:23,90.31,90.00,-0.31,0.00,0.91,M1
2113,01:29:25,90.31,90.00,-0.31,0.00,0.91,M1
2114,01:29:27,90.31,90.00,-0.31,0.00,0.91,M1
2115,01:29:29,90.38,90.00,-0.38,-0.06,0.90,M1
2116,01:29:31,90.31,90.00,-0.31,0.06,0.91,M1
2117,01:29:33,90.31,90.00,-0.31,0.00,0.91,M1
2118,01:29:35,90.31,90.00,-0.31,0.00,0.91,M1
2119,01:29:37,90.38,90.00,-0.38,-0.06,0.90,M1
2120,01:29:39,90.38,90.00,-0.38,0.00,0.90,M1
2121,01:29:41,90.38,90.00,-0.38,0.00,0.90,M1
2122,01:29:43,90.38,90.00,-0.38,0.00,0.90,M1
2123,01:29:45,90.38,90.00,-0.38,0.00,0.90,M1
2124,01:29:47,90.38,90.00,-0.38,0.00,0.90,M1
2125,01:29:49,90.31,90.00,-0.31,0.06,0.91,M1
2126,01:29:51,90.38,90.00,-0.38,-0.06,0.90,M1
2127,01:29:53,90.31,90.00,-0.31,0.06,0.91,M1
2128,01:29:55,90.38,90.00,-0.38,-0.06,0.90,M1
2129,01:29:57,90.31,90.00,-0.31,0.06,0.91,M1
2130,01:29:59,90.31,90.00,-0.31,0.00,0.91,M1
2131,01:30:01,90.38,90.00,-0.38,-0.06,0.90,M1
2132,01:30:03,90.38,90.00,-0.38,0.00,0.90,M1
2133,01:30:05,90.38,90.00,-0.38,0.00,0.90,M1
2134,01:30:07,90.38,90.00,-0.38,0.00,0.90,M1
2135,01:30:09,90.31,90.00,-0.31,0.06,0.91,M1
2136,01:30:11,90.31,90.00,-0.31,0.00,0.91,M1
2137,01:30:13,90.31,90.00,-0.31,0.00,0.91,M1
2138,01:30:15,90.31,90.00,-0.31,0.00,0.91,M1
2139,01:30:17,90.38,90.00,-0.38,-0.06,0.90,M1
2140,01:30:19,90.31,90.00,-0.31,0.06,0.91,M1
2141,01:30:21,90.31,90.00,-0.31,0.00,0.91,M1
2142,01:30:23,90.31,90.00,-0.31,0.00,0.91,M1
2143,01:30:25,90.38,90.00,-0.38,-0.06,0.90,M1
2144,01:30:28,90.31,90.00,-0.31,0.06,0.91,M1
2145,01:30:30,90.38,90.00,-0.38,-0.06,0.90,M1
2146,01:30:32,90.38,90.00,-0.38,0.00,0.90,M1
2147,01:30:34,90.38,90.00,-0.38,0.00,0.90,M1
2148,01:30:36,90.38,90.00,-0.38,0.00,0.90,M1
2149,01:30:38,90.38,90.00,-0.38,0.00,0.90,M1
2150,01:30:40,90.38,90.00,-0.38,0.00,0.90,M1
2151,01:30:42,90.38,90.00,-0.38,0.00,0.90,M1
2152,01:30:44,90.38,90.00,-0.38,0.00,0.90,M1
2153,01:30:46,90.38,90.00,-0.38,0.00,0.90,M1
2154,01:30:48,90.38,90.00,-0.38,0.00,0.90,M1
2155,01:30:50,90.38,90.00,-0.38,0.00,0.90,M1
2156,01:30:52,90.38,90.00,-0.38,0.00,0.90,M1
2157,01:30:54,90.38,90.00,-0.38,0.00,0.90,M1
2158,01:30:56,90.38,90.00,-0.38,0.00,0.90,M1
2159,01:30:58,90.38,90.00,-0.38,0.00,0.90,M1
2160,01:31:00,90.38,90.00,-0.38,0.00,0.90,M1
2161,01:31:02,90.38,90.00,-0.38,0.00,0.90,M1
2162,01:31:04,90.38,90.00,-0.38,0.00,0.90,M1
2163,01:31:06,90.38,90.00,-0.38,0.00,0.90,M1
2164,01:31:08,90.38,90.00,-0.38,0.00,0.90,M1
2165,01:31:10,90.38,90.00,-0.38,0.00,0.90,M1
2166,01:31:12,90.38,90.00,-0.38,0.00,0.90,M1
2167,01:31:14,90.38,90.00,-0.38,0.00,0.90,M1
2168,01:31:16,90.38,90.00,-0.38,0.00,0.90,M1
2169,01:31:18,90.38,90.00,-0.38,0.00,0.90,M1
2170,01:31:20,90.38,90.00,-0.38,0.00,0.90,M1
2171,01:31:22,90.38,90.00,-0.38,0.00,0.90,M1
2172,01:31:24,90.38,90.00,-0.38,0.00,0.90,M1
2173,01:31:26,90.38,90.00,-0.38,0.00,0.90,M1
2174,01:31:28,90.38,90.00,-0.38,0.00,0.90,M1
2175,01:31:30,90.31,90.00,-0.31,0.06,0.91,M1
2176,01:31:32,90.31,90.00,-0.31,0.00,0.91,M1
2177,01:31:34,90.31,90.00,-0.31,0.00,0.91,M1
2178,01:31:36,90.31,90.00,-0.31,0.00,0.91,M1
2179,01:31:38,90.25,90.00,-0.25,0.06,0.92,M1
2180,01:31:40,90.25,90.00,-0.25,0.00,0.92,M1
2181,01:31:42,90.25,90.00,-0.25,0.00,0.92,M1
2182,01:31:44,90.25,90.00,-0.25,0.00,0.92,M1
2183,01:31:46,90.25,90.00,-0.25,0.00,0.92,M1
2184,01:31:48,90.19,90.00,-0.19,0.06,0.94,M1
2185,01:31:50,90.25,90.00,-0.25,-0.06,0.92,M1
2186,01:31:52,90.25,90.00,-0.25,0.00,0.92,M1
2187,01:31:54,90.25,90.00,-0.25,0.00,0.92,M1
2188,01:31:56,90.25,90.00,-0.25,0.00,0.92,M1
2189,01:31:58,90.19,90.00,-0.19,0.06,0.94,M1
2190,01:32:00,90.25,90.00,-0.25,-0.06,0.92,M1
2191,01:32:03,90.25,90.00,-0.25,0.00,0.92,M1
2192,01:32:05,90.25,90.00,-0.25,0.00,0.92,M1
2193,01:32:07,90.25,90.00,-0.25,0.00,0.92,M1
2194,01:32:09,90.25,90.00,-0.25,0.00,0.92,M1
2195,01:32:11,90.25,90.00,-0.25,0.00,0.92,M1
2196,01:32:13,90.19,90.00,-0.19,0.06,0.94,M1
2197,01:32:15,90.25,90.00,-0.25,-0.06,0.92,M1
2198,01:32:17,90.25,90.00,-0.25,0.00,0.92,M1
2199,01:32:19,90.25,90.00,-0.25,0.00,0.92,M1
2200,01:32:21,90.25,90.00,-0.25,0.00,0.92,M1
2201,01:32:23,90.25,90.00,-0.25,0.00,0.92,M1
2202,01:32:25,90.25,90.00,-0.25,0.00,0.92,M1
2203,01:32:27,90.25,90.00,-0.25,0.00,0.92,M1
2204,01:32:29,90.25,90.00,-0.25,0.00,0.92,M1
2205,01:32:31,90.25,90.00,-0.25,0.00,0.92,M1
2206,01:32:33,90.25,90.00,-0.25,0.00,0.92,M1
2207,01:32:35,90.25,90.00,-0.25,0.00,0.92,M1
2208,01:32:37,90.25,90.00,-0.25,0.00,0.92,M1
2209,01:32:39,90.25,90.00,-0.25,0.00,0.92,M1
2210,01:32:41,90.25,90.00,-0.25,0.00,0.92,M1
2211,01:32:43,90.25,90.00,-0.25,0.00,0.92,M1
2212,01:32:45,90.25,90.00,-0.25,0.00,0.92,M1
2213,01:32:47,90.25,90.00,-0.25,0.00,0.92,M1
2214,01:32:49,90.31,90.00,-0.31,-0.06,0.91,M1
2215,01:32:51,90.31,90.00,-0.31,0.00,0.91,M1
2216,01:32:53,90.31,90.00,-0.31,0.00,0.91,M1
2217,01:32:55,90.31,90.00,-0.31,0.00,0.91,M1
2218,01:32:57,90.31,90.00,-0.31,0.00,0.91,M1
2219,01:32:59,90.31,90.00,-0.31,0.00,0.91,M1
2220,01:33:01,90.31,90.00,-0.31,0.00,0.91,M1
2221,01:33:03,90.31,90.00,-0.31,0.00,0.91,M1
2222,01:33:05,90.31,90.00,-0.31,0.00,0.91,M1
2223,01:33:07,90.31,90.00,-0.31,0.00,0.91,M1
2224,01:33:09,90.31,90.00,-0.31,0.00,0.91,M1
2225,01:33:11,90.31,90.00,-0.31,0.00,0.91,M1
2226,01:33:13,90.31,90.00,-0.31,0.00,0.91,M1
2227,01:33:15,90.38,90.00,-0.38,-0.06,0.90,M1
2228,01:33:17,90.31,90.00,-0.31,0.06,0.91,M1
2229,01:33:19,90.38,90.00,-0.38,-0.06,0.90,M1
2230,01:33:21,90.31,90.00,-0.31,0.06,0.91,M1
2231,01:33:23,90.38,90.00,-0.38,-0.06,0.90,M1
2232,01:33:25,90.38,90.00,-0.38,0.00,0.90,M1
2233,01:33:27,90.38,90.00,-0.38,0.00,0.90,M1
2234,01:33:29,90.31,90.00,-0.31,0.06,0.91,M1
2235,01:33:31,90.31,90.00,-0.31,0.00,0.91,M1
2236,01:33:33,90.31,90.00,-0.31,0.00,0.91,M1
2237,01:33:35,90.38,90.00,-0.38,-0.06,0.90,M1
2238,01:33:37,90.38,90.00,-0.38,0.00,0.90,M1
2239,01:33:40,90.38,90.00,-0.38,0.00,0.90,M1
2240,01:33:42,90.38,90.00,-0.38,0.00,0.90,M1
2241,01:33:44,90.38,90.00,-0.38,0.00,0.90,M1
2242,01:33:46,90.38,90.00,-0.38,0.00,0.90,M1
2243,01:33:48,90.38,90.00,-0.38,0.00,0.90,M1
2244,01:33:50,90.38,90.00,-0.38,0.00,0.90,M1
2245,01:33:52,90.38,90.00,-0.38,0.00,0.90,M1
2246,01:33:54,90.38,90.00,-0.38,0.00,0.90,M1
2247,01:33:56,90.38,90.00,-0.38,0.00,0.90,M1
2248,01:33:58,90.38,90.00,-0.38,0.00,0.90,M1
2249,01:34:00,90.38,90.00,-0.38,0.00,0.90,M1
2250,01:34:02,90.38,90.00,-0.38,0.00,0.90,M1
2251,01:34:04,90.38,90.00,-0.38,0.00,0.90,M1
2252,01:34:06,90.38,90.00,-0.38,0.00,0.90,M1
2253,01:34:08,90.38,90.00,-0.38,0.00,0.90,M1
2254,01:34:10,90.38,90.00,-0.38,0.00,0.90,M1
2255,01:34:12,90.38,90.00,-0.38,0.00,0.90,M1
2256,01:34:14,90.38,90.00,-0.38,0.00,0.90,M1
2257,01:34:16,90.44,90.00,-0.44,-0.06,0.89,M1
2258,01:34:18,90.38,90.00,-0.38,0.06,0.90,M1
2259,01:34:20,90.38,90.00,-0.38,0.00,0.90,M1
2260,01:34:22,90.38,90.00,-0.38,0.00,0.90,M1
2261,01:34:24,90.44,90.00,-0.44,-0.06,0.89,M1
2262,01:34:26,90.38,90.00,-0.38,0.06,0.90,M1
2263,01:34:28,90.38,90.00,-0.38,0.00,0.90,M1
2264,01:34:30,90.44,90.00,-0.44,-0.06,0.89,M1
2265,01:34:32,90.44,90.00,-0.44,0.00,0.89,M1
2266,01:34:34,90.38,90.00,-0.38,0.06,0.90,M1
2267,01:34:36,90.44,90.00,-0.44,-0.06,0.89,M1
2268,01:34:38,90.44,90.00,-0.44,0.00,0.89,M1
2269,01:34:40,90.44,90.00,-0.44,0.00,0.89,M1
2270,01:34:42,90.38,90.00,-0.38,0.06,0.90,M1
2271,01:34:44,90.44,90.00,-0.44,-0.06,0.89,M1
2272,01:34:46,90.38,90.00,-0.38,0.06,0.90,M1
2273,01:34:48,90.44,90.00,-0.44,-0.06,0.89,M1
2274,01:34:50,90.44,90.00,-0.44,0.00,0.89,M1
2275,01:34:52,90.44,90.00,-0.44,0.00,0.89,M1
2276,01:34:54,90.44,90.00,-0.44,0.00,0.89,M1
2277,01:34:56,90.44,90.00,-0.44,0.00,0.89,M1
2278,01:34:58,90.44,90.00,-0.44,0.00,0.89,M1
2279,01:35:00,90.44,90.00,-0.44,0.00,0.89,M1
2280,01:35:02,90.44,90.00,-0.44,0.00,0.89,M1
2281,01:35:04,90.44,90.00,-0.44,0.00,0.89,M1
2282,01:35:06,90.44,90.00,-0.44,0.00,0.89,M1
2283,01:35:08,90.38,90.00,-0.38,0.06,0.90,M1
2284,01:35:10,90.44,90.00,-0.44,-0.06,0.89,M1
2285,01:35:12,90.44,90.00,-0.44,0.00,0.89,M1
2286,01:35:15,90.44,90.00,-0.44,0.00,0.89,M1
2287,01:35:17,90.44,90.00,-0.44,0.00,0.89,M1
2288,01:35:19,90.44,90.00,-0.44,0.00,0.89,M1
2289,01:35:21,90.44,90.00,-0.44,0.00,0.89,M1
2290,01:35:23,90.50,90.00,-0.50,-0.06,0.87,M1
2291,01:35:25,90.44,90.00,-0.44,0.06,0.89,M1
2292,01:35:27,90.50,90.00,-0.50,-0.06,0.87,M1
2293,01:35:29,90.50,90.00,-0.50,0.00,0.87,M1
2294,01:35:31,90.50,90.00,-0.50,0.00,0.87,M1
2295,01:35:33,90.50,90.00,-0.50,0.00,0.87,M1
2296,01:35:35,90.50,90.00,-0.50,0.00,0.87,M1
2297,01:35:37,90.50,90.00,-0.50,0.00,0.87,M1
2298,01:35:39,90.44,90.00,-0.44,0.06,0.89,M1
2299,01:35:41,90.50,90.00,-0.50,-0.06,0.87,M1
2300,01:35:43,90.50,90.00,-0.50,0.00,0.87,M1
2301,01:35:45,90.50,90.00,-0.50,0.00,0.87,M1
2302,01:35:47,90.44,90.00,-0.44,0.06,0.89,M1
2303,01:35:49,90.50,90.00,-0.50,-0.06,0.87,M1
2304,01:35:51,90.50,90.00,-0.50,0.00,0.87,M1
2305,01:35:53,90.44,90.00,-0.44,0.06,0.89,M1
2306,01:35:55,90.50,90.00,-0.50,-0.06,0.87,M1
2307,01:35:57,90.44,90.00,-0.44,0.06,0.89,M1
2308,01:35:59,90.44,90.00,-0.44,0.00,0.89,M1
2309,01:36:01,90.44,90.00,-0.44,0.00,0.89,M1
2310,01:36:03,90.44,90.00,-0.44,0.00,0.89,M1
2311,01:36:05,90.44,90.00,-0.44,0.00,0.89,M1
2312,01:36:07,90.44,90.00,-0.44,0.00,0.89,M1
2313,01:36:09,90.44,90.00,-0.44,0.00,0.89,M1
2314,01:36:11,90.44,90.00,-0.44,0.00,0.89,M1
2315,01:36:13,90.44,90.00,-0.44,0.00,0.89,M1
2316,01:36:15,90.44,90.00,-0.44,0.00,0.89,M1
2317,01:36:17,90.50,90.00,-0.50,-0.06,0.87,M1
2318,01:36:19,90.50,90.00,-0.50,0.00,0.87,M1
2319,01:36:21,90.44,90.00,-0.44,0.06,0.89,M1
2320,01:36:23,90.44,90.00,-0.44,0.00,0.89,M1
2321,01:36:25,90.50,90.00,-0.50,-0.06,0.87,M1
2322,01:36:27,90.50,90.00,-0.50,0.00,0.87,M1
2323,01:36:29,90.50,90.00,-0.50,0.00,0.87,M1
2324,01:36:31,90.50,90.00,-0.50,0.00,0.87,M1
2325,01:36:33,90.50,90.00,-0.50,0.00,0.87,M1
2326,01:36:35,90.50,90.00,-0.50,0.00,0.87,M1
2327,01:36:37,90.50,90.00,-0.50,0.00,0.87,M1
2328,01:36:39,90.50,90.00,-0.50,0.00,0.87,M1
2329,01:36:41,90.50,90.00,-0.50,0.00,0.87,M1
2330,01:36:43,90.50,90.00,-0.50,0.00,0.87,M1
2331,01:36:45,90.50,90.00,-0.50,0.00,0.87,M1
2332,01:36:47,90.50,90.00,-0.50,0.00,0.87,M1
2333,01:36:49,90.50,90.00,-0.50,0.00,0.87,M1
2334,01:36:51,90.50,90.00,-0.50,0.00,0.87,M1
2335,01:36:54,90.50,90.00,-0.50,0.00,0.87,M1
2336,01:36:56,90.50,90.00,-0.50,0.00,0.87,M1
2337,01:36:58,90.50,90.00,-0.50,0.00,0.87,M1
2338,01:37:00,90.50,90.00,-0.50,0.00,0.87,M1
2339,01:37:02,90.50,90.00,-0.50,0.00,0.87,M1
2340,01:37:04,90.50,90.00,-0.50,0.00,0.87,M1
2341,01:37:06,90.50,90.00,-0.50,0.00,0.87,M1
2342,01:37:08,90.50,90.00,-0.50,0.00,0.87,M1
2343,01:37:10,90.56,90.00,-0.56,-0.06,0.86,M1
2344,01:37:12,90.50,90.00,-0.50,0.06,0.87,M1
2345,01:37:14,90.50,90.00,-0.50,0.00,0.87,M1
2346,01:37:16,90.50,90.00,-0.50,0.00,0.87,M1
2347,01:37:18,90.56,90.00,-0.56,-0.06,0.86,M1
2348,01:37:20,90.50,90.00,-0.50,0.06,0.87,M1
2349,01:37:22,90.50,90.00,-0.50,0.00,0.87,M1
2350,01:37:24,90.50,90.00,-0.50,0.00,0.87,M1
2351,01:37:26,90.50,90.00,-0.50,0.00,0.87,M1
2352,01:37:28,90.50,90.00,-0.50,0.00,0.87,M1
2353,01:37:30,90.56,90.00,-0.56,-0.06,0.86,M1
2354,01:37:32,90.56,90.00,-0.56,0.00,0.86,M1
2355,01:37:34,90.50,90.00,-0.50,0.06,0.87,M1
2356,01:37:36,90.50,90.00,-0.50,0.00,0.87,M1
2357,01:37:38,90.50,90.00,-0.50,0.00,0.87,M1
2358,01:37:40,90.50,90.00,-0.50,0.00,0.87,M1
2359,01:37:42,90.50,90.00,-0.50,0.00,0.87,M1
2360,01:37:44,90.44,90.00,-0.44,0.06,0.89,M1
2361,01:37:46,90.44,90.00,-0.44,0.00,0.89,M1
2362,01:37:48,90.44,90.00,-0.44,0.00,0.89,M1
2363,01:37:50,90.44,90.00,-0.44,0.00,0.89,M1
2364,01:37:52,90.44,90.00,-0.44,0.00,0.89,M1
2365,01:37:54,90.38,90.00,-0.38,0.06,0.90,M1
2366,01:37:56,90.31,90.00,-0.31,0.06,0.91,M1
2367,01:37:58,90.31,90.00,-0.31,0.00,0.91,M1
2368,01:38:00,90.31,90.00,-0.31,0.00,0.91,M1
2369,01:38:02,90.25,90.00,-0.25,0.06,0.92,M1
2370,01:38:04,90.25,90.00,-0.25,0.00,0.92,M1
2371,01:38:06,90.25,90.00,-0.25,0.00,0.92,M1
2372,01:38:08,90.19,90.00,-0.19,0.06,0.94,M1
2373,01:38:10,90.19,90.00,-0.19,0.00,0.93,M1
2374,01:38:12,90.19,90.00,-0.19,0.00,0.93,M1
2375,01:38:14,90.12,90.00,-0.12,0.06,0.95,M1
2376,01:38:16,90.19,90.00,-0.19,-0.06,0.94,M1
2377,01:38:18,90.12,90.00,-0.12,0.06,0.95,M1
2378,01:38:20,90.19,90.00,-0.19,-0.06,0.94,M1
2379,01:38:22,90.12,90.00,-0.12,0.06,0.95,M1
2380,01:38:24,90.12,90.00,-0.12,0.00,0.94,M1
2381,01:38:26,90.12,90.00,-0.12,0.00,0.94,M1
2382,01:38:29,90.12,90.00,-0.12,0.00,0.94,M1
2383,01:38:31,90.12,90.00,-0.12,0.00,0.94,M1
2384,01:38:33,90.19,90.00,-0.19,-0.06,0.94,M1
2385,01:38:35,90.12,90.00,-0.12,0.06,0.95,M1
2386,01:38:37,90.19,90.00,-0.19,-0.06,0.94,M1
2387,01:38:39,90.19,90.00,-0.19,0.00,0.93,M1
2388,01:38:41,90.12,90.00,-0.12,0.06,0.95,M1
2389,01:38:43,90.19,90.00,-0.19,-0.06,0.94,M1
2390,01:38:45,90.19,90.00,-0.19,0.00,0.93,M1
2391,01:38:47,90.19,90.00,-0.19,0.00,0.93,M1
2392,01:38:49,90.19,90.00,-0.19,0.00,0.93,M1
2393,01:38:51,90.19,90.00,-0.19,0.00,0.93,M1
2394,01:38:53,90.25,90.00,-0.25,-0.06,0.92,M1
2395,01:38:55,90.19,90.00,-0.19,0.06,0.94,M1
2396,01:38:57,90.25,90.00,-0.25,-0.06,0.92,M1
2397,01:38:59,90.25,90.00,-0.25,0.00,0.92,M1
2398,01:39:01,90.25,90.00,-0.25,0.00,0.92,M1
2399,01:39:03,90.25,90.00,-0.25,0.00,0.92,M1
2400,01:39:05,90.25,90.00,-0.25,0.00,0.92,M1
2401,01:39:07,90.25,90.00,-0.25,0.00,0.92,M1
2402,01:39:09,90.25,90.00,-0.25,0.00,0.92,M1
2403,01:39:11,90.25,90.00,-0.25,0.00,0.92,M1
2404,01:39:13,90.25,90.00,-0.25,0.00,0.92,M1
2405,01:39:15,90.31,90.00,-0.31,-0.06,0.91,M1
2406,01:39:17,90.25,90.00,-0.25,0.06,0.92,M1
2407,01:39:19,90.31,90.00,-0.31,-0.06,0.91,M1
2408,01:39:21,90.31,90.00,-0.31,0.00,0.91,M1
2409,01:39:23,90.31,90.00,-0.31,0.00,0.91,M1
2410,01:39:25,90.31,90.00,-0.31,0.00,0.91,M1
2411,01:39:27,90.31,90.00,-0.31,0.00,0.91,M1
2412,01:39:29,90.31,90.00,-0.31,0.00,0.91,M1
2413,01:39:31,90.31,90.00,-0.31,0.00,0.91,M1
2414,01:39:33,90.38,90.00,-0.38,-0.06,0.90,M1
2415,01:39:35,90.31,90.00,-0.31,0.06,0.91,M1
2416,01:39:37,90.31,90.00,-0.31,0.00,0.91,M1
2417,01:39:39,90.31,90.00,-0.31,0.00,0.91,M1
2418,01:39:41,90.31,90.00,-0.31,0.00,0.91,M1
2419,01:39:43,90.38,90.00,-0.38,-0.06,0.90,M1
2420,01:39:45,90.38,90.00,-0.38,0.00,0.90,M1
2421,01:39:47,90.38,90.00,-0.38,0.00,0.90,M1
2422,01:39:49,90.31,90.00,-0.31,0.06,0.91,M1
2423,01:39:51,90.38,90.00,-0.38,-0.06,0.90,M1
2424,01:39:53,90.31,90.00,-0.31,0.06,0.91,M1
2425,01:39:55,90.31,90.00,-0.31,0.00,0.91,M1
2426,01:39:57,90.38,90.00,-0.38,-0.06,0.90,M1
2427,01:39:59,90.31,90.00,-0.31,0.06,0.91,M1
2428,01:40:01,90.31,90.00,-0.31,0.00,0.91,M1
2429,01:40:03,90.31,90.00,-0.31,0.00,0.91,M1
2430,01:40:06,90.38,90.00,-0.38,-0.06,0.90,M1
2431,01:40:08,90.38,90.00,-0.38,0.00,0.90,M1
2432,01:40:10,90.38,90.00,-0.38,0.00,0.90,M1
2433,01:40:12,90.38,90.00,-0.38,0.00,0.90,M1
2434,01:40:14,90.38,90.00,-0.38,0.00,0.90,M1
2435,01:40:16,90.38,90.00,-0.38,0.00,0.90,M1
2436,01:40:18,90.38,90.00,-0.38,0.00,0.90,M1
2437,01:40:20,90.38,90.00,-0.38,0.00,0.90,M1
2438,01:40:22,90.38,90.00,-0.38,0.00,0.90,M1
2439,01:40:24,90.38,90.00,-0.38,0.00,0.90,M1
2440,01:40:26,90.38,90.00,-0.38,0.00,0.90,M1
2441,01:40:28,90.38,90.00,-0.38,0.00,0.90,M1
2442,01:40:30,90.38,90.00,-0.38,0.00,0.90,M1
2443,01:40:32,90.38,90.00,-0.38,0.00,0.90,M1
2444,01:40:34,90.44,90.00,-0.44,-0.06,0.89,M1
2445,01:40:36,90.38,90.00,-0.38,0.06,0.90,M1
2446,01:40:38,90.38,90.00,-0.38,0.00,0.90,M1
2447,01:40:40,90.44,90.00,-0.44,-0.06,0.89,M1
2448,01:40:42,90.38,90.00,-0.38,0.06,0.90,M1
2449,01:40:44,90.38,90.00,-0.38,0.00,0.90,M1
2450,01:40:46,90.44,90.00,-0.44,-0.06,0.89,M1
2451,01:40:48,90.44,90.00,-0.44,0.00,0.89,M1
2452,01:40:50,90.38,90.00,-0.38,0.06,0.90,M1
2453,01:40:52,90.38,90.00,-0.38,0.00,0.90,M1
2454,01:40:54,90.38,90.00,-0.38,0.00,0.90,M1
2455,01:40:56,90.44,90.00,-0.44,-0.06,0.89,M1
2456,01:40:58,90.38,90.00,-0.38,0.06,0.90,M1
2457,01:41:00,90.38,90.00,-0.38,0.00,0.90,M1
2458,01:41:02,90.44,90.00,-0.44,-0.06,0.89,M1
2459,01:41:04,90.44,90.00,-0.44,0.00,0.89,M1
2460,01:41:06,90.44,90.00,-0.44,0.00,0.89,M1
2461,01:41:08,90.44,90.00,-0.44,0.00,0.89,M1
2462,01:41:10,90.44,90.00,-0.44,0.00,0.89,M1
2463,01:41:12,90.44,90.00,-0.44,0.00,0.89,M1
2464,01:41:14,90.44,90.00,-0.44,0.00,0.89,M1
2465,01:41:16,90.44,90.00,-0.44,0.00,0.89,M1
2466,01:41:18,90.44,90.00,-0.44,0.00,0.89,M1
2467,01:41:20,90.44,90.00,-0.44,0.00,0.89,M1
2468,01:41:22,90.44,90.00,-0.44,0.00,0.89,M1
2469,01:41:24,90.44,90.00,-0.44,0.00,0.89,M1
2470,01:41:26,90.50,90.00,-0.50,-0.06,0.87,M1
2471,01:41:28,90.44,90.00,-0.44,0.06,0.89,M1
2472,01:41:30,90.50,90.00,-0.50,-0.06,0.87,M1
2473,01:41:32,90.44,90.00,-0.44,0.06,0.89,M1
2474,01:41:34,90.50,90.00,-0.50,-0.06,0.87,M1
2475,01:41:37,90.50,90.00,-0.50,0.00,0.87,M1
2476,01:41:39,90.44,90.00,-0.44,0.06,0.89,M1
2477,01:41:41,90.50,90.00,-0.50,-0.06,0.87,M1
2478,01:41:43,90.50,90.00,-0.50,0.00,0.87,M1
2479,01:41:45,90.50,90.00,-0.50,0.00,0.87,M1
2480,01:41:47,90.50,90.00,-0.50,0.00,0.87,M1
2481,01:41:49,90.50,90.00,-0.50,0.00,0.87,M1
2482,01:41:51,90.50,90.00,-0.50,0.00,0.87,M1
2483,01:41:53,90.50,90.00,-0.50,0.00,0.87,M1
2484,01:41:55,90.50,90.00,-0.50,0.00,0.87,M1
2485,01:41:57,90.50,90.00,-0.50,0.00,0.87,M1
2486,01:41:59,90.50,90.00,-0.50,0.00,0.87,M1
2487,01:42:01,90.50,90.00,-0.50,0.00,0.87,M1
2488,01:42:03,90.50,90.00,-0.50,0.00,0.87,M1
2489,01:42:05,90.50,90.00,-0.50,0.00,0.87,M1
2490,01:42:07,90.50,90.00,-0.50,0.00,0.87,M1
2491,01:42:09,90.50,90.00,-0.50,0.00,0.87,M1
2492,01:42:11,90.50,90.00,-0.50,0.00,0.87,M1
2493,01:42:13,90.50,90.00,-0.50,0.00,0.87,M1
2494,01:42:15,90.56,90.00,-0.56,-0.06,0.86,M1
2495,01:42:17,90.56,90.00,-0.56,0.00,0.86,M1
2496,01:42:19,90.56,90.00,-0.56,0.00,0.86,M1
2497,01:42:21,90.56,90.00,-0.56,0.00,0.86,M1
2498,01:42:23,90.56,90.00,-0.56,0.00,0.86,M1
2499,01:42:25,90.56,90.00,-0.56,0.00,0.86,M1
2500,01:42:27,90.50,90.00,-0.50,0.06,0.87,M1
2501,01:42:29,90.56,90.00,-0.56,-0.06,0.86,M1
2502,01:42:31,90.50,90.00,-0.50,0.06,0.87,M1
2503,01:42:33,90.56,90.00,-0.56,-0.06,0.86,M1
2504,01:42:35,90.50,90.00,-0.50,0.06,0.87,M1
2505,01:42:37,90.50,90.00,-0.50,0.00,0.87,M1
2506,01:42:39,90.50,90.00,-0.50,0.00,0.87,M1
2507,01:42:41,90.50,90.00,-0.50,0.00,0.87,M1
2508,01:42:43,90.50,90.00,-0.50,0.00,0.87,M1
2509,01:42:45,90.50,90.00,-0.50,0.00,0.87,M1
2510,01:42:47,90.50,90.00,-0.50,0.00,0.87,M1
2511,01:42:49,90.50,90.00,-0.50,0.00,0.87,M1
2512,01:42:51,90.44,90.00,-0.44,0.06,0.89,M1
2513,01:42:53,90.44,90.00,-0.44,0.00,0.89,M1
2514,01:42:55,90.44,90.00,-0.44,0.00,0.89,M1
2515,01:42:57,90.44,90.00,-0.44,0.00,0.89,M1
2516,01:42:59,90.44,90.00,-0.44,0.00,0.89,M1
2517,01:43:01,90.44,90.00,-0.44,0.00,0.89,M1
2518,01:43:03,90.44,90.00,-0.44,0.00,0.89,M1
2519,01:43:05,90.44,90.00,-0.44,0.00,0.89,M1
2520,01:43:07,90.44,90.00,-0.44,0.00,0.89,M1
2521,01:43:09,90.44,90.00,-0.44,0.00,0.89,M1
2522,01:43:12,90.38,90.00,-0.38,0.06,0.90,M1
2523,01:43:14,90.44,90.00,-0.44,-0.06,0.89,M1
2524,01:43:16,90.44,90.00,-0.44,0.00,0.89,M1
2525,01:43:18,90.44,90.00,-0.44,0.00,0.89,M1
2526,01:43:20,90.38,90.00,-0.38,0.06,0.90,M1
2527,01:43:22,90.44,90.00,-0.44,-0.06,0.89,M1
2528,01:43:24,90.44,90.00,-0.44,0.00,0.89,M1
2529,01:43:26,90.38,90.00,-0.38,0.06,0.90,M1
2530,01:43:28,90.44,90.00,-0.44,-0.06,0.89,M1
2531,01:43:30,90.44,90.00,-0.44,0.00,0.89,M1
2532,01:43:32,90.44,90.00,-0.44,0.00,0.89,M1
2533,01:43:34,90.44,90.00,-0.44,0.00,0.89,M1
2534,01:43:36,90.44,90.00,-0.44,0.00,0.89,M1
2535,01:43:38,90.44,90.00,-0.44,0.00,0.89,M1
2536,01:43:40,90.44,90.00,-0.44,0.00,0.89,M1
2537,01:43:42,90.44,90.00,-0.44,0.00,0.89,M1
2538,01:43:44,90.44,90.00,-0.44,0.00,0.89,M1
2539,01:43:46,90.44,90.00,-0.44,0.00,0.89,M1
2540,01:43:48,90.44,90.00,-0.44,0.00,0.89,M1
2541,01:43:50,90.50,90.00,-0.50,-0.06,0.87,M1
2542,01:43:52,90.50,90.00,-0.50,0.00,0.87,M1
2543,01:43:54,90.44,90.00,-0.44,0.06,0.89,M1
2544,01:43:56,90.50,90.00,-0.50,-0.06,0.87,M1
2545,01:43:58,90.50,90.00,-0.50,0.00,0.87,M1
2546,01:44:00,90.50,90.00,-0.50,0.00,0.87,M1
2547,01:44:02,90.50,90.00,-0.50,0.00,0.87,M1
2548,01:44:04,90.50,90.00,-0.50,0.00,0.87,M1
2549,01:44:06,90.50,90.00,-0.50,0.00,0.87,M1
2550,01:44:08,90.50,90.00,-0.50,0.00,0.87,M1
2551,01:44:10,90.50,90.00,-0.50,0.00,0.87,M1
2552,01:44:12,90.50,90.00,-0.50,0.00,0.87,M1
2553,01:44:14,90.50,90.00,-0.50,0.00,0.87,M1
2554,01:44:16,90.56,90.00,-0.56,-0.06,0.86,M1
